STATE,YEAR,dealer_regulations,buyer_regulations,gun_posses_prohibitions,background_checks,ammunition_regulations,possession_regulations,concealed_carry_permits,assault_weapons_bans,child_access_prevention,gun_trafficking,domestic_violence,no_preemption,no_stand_your_ground,immunity,total_laws
Alabama,1991,7,1,1,0,0,0,3,0,0,0,0,1,1,1,15
Alaska,1991,0,0,1,0,0,1,6,0,0,0,0,0,1,1,10
Arizona,1991,0,0,3,0,0,1,6,0,0,0,0,0,1,1,12
Arkansas,1991,0,0,3,0,0,1,6,0,0,0,0,3,1,1,15
California,1991,12,5,7,11,0,5,5,4,4,0,2,2,1,0,58
Colorado,1991,1,0,0,0,0,1,2,0,0,0,0,3,1,1,9
Connecticut,1991,10,1,0,0,0,3,4,0,4,0,0,3,1,1,27
Delaware,1991,3,1,4,0,0,0,3,0,0,0,0,0,1,0,12
Florida,1991,1,0,1,0,0,5,4,0,3,2,0,0,1,1,18
Georgia,1991,2,1,1,0,0,1,2,0,0,0,0,3,1,1,12
Hawaii,1991,6,9,8,2,1,3,2,0,0,0,5,3,1,1,41
Idaho,1991,0,0,0,0,0,0,2,0,0,0,0,2,1,0,5
Illinois,1991,5,5,4,6,3,7,6,0,0,0,0,3,1,1,41
Indiana,1991,1,0,0,0,0,1,3,0,0,0,0,3,1,1,10
Iowa,1991,0,4,1,3,2,1,4,0,2,0,0,0,1,1,19
Kansas,1991,0,0,1,0,0,1,6,0,0,0,0,3,1,1,13
Kentucky,1991,0,0,1,0,0,0,6,0,0,0,0,0,1,0,8
Louisiana,1991,0,1,0,0,0,1,6,0,0,0,0,0,1,1,10
Maine,1991,2,0,2,0,0,1,2,0,0,0,0,0,1,1,9
Maryland,1991,4,1,3,0,0,2,5,0,0,0,0,0,1,1,17
Massachusetts,1991,12,7,5,6,5,6,4,0,0,5,0,3,1,1,55
Michigan,1991,6,6,0,3,0,1,6,0,0,0,0,0,1,1,24
Minnesota,1991,1,1,4,0,0,1,6,0,0,0,0,0,1,1,15
Mississippi,1991,0,0,1,0,0,2,3,0,0,0,0,0,1,1,8
Missouri,1991,0,3,1,3,0,1,6,0,0,0,0,0,1,1,16
Montana,1991,0,0,0,0,0,0,2,0,0,0,0,0,1,0,3
Nebraska,1991,0,3,1,2,0,0,6,0,0,1,0,3,1,1,18
Nevada,1991,0,0,1,0,0,1,3,0,2,0,0,0,1,0,8
New Hampshire,1991,1,0,0,0,0,0,1,0,0,0,0,3,1,1,7
New Jersey,1991,8,7,4,5,0,6,6,5,0,0,0,3,1,1,46
New Mexico,1991,0,0,1,0,0,1,6,0,0,0,0,0,1,1,10
New York,1991,4,5,5,1,1,5,6,0,0,0,2,3,1,1,34
North Carolina,1991,3,2,0,0,0,3,6,0,0,0,0,3,1,1,19
North Dakota,1991,0,0,4,0,0,2,3,0,0,2,0,0,1,1,13
Ohio,1991,0,3,2,0,0,0,6,0,0,2,0,3,1,1,18
Oklahoma,1991,0,1,1,0,0,0,6,0,0,0,0,0,1,1,10
Oregon,1991,3,2,4,0,0,1,4,0,0,0,0,0,1,1,16
Pennsylvania,1991,7,3,0,0,0,1,3,0,0,0,1,0,1,1,17
Rhode Island,1991,8,8,5,9,2,2,3,0,0,0,0,0,1,1,39
South Carolina,1991,4,2,1,0,0,6,6,0,0,0,0,0,1,1,21
South Dakota,1991,0,0,1,0,0,1,2,0,0,0,0,0,1,1,6
Tennessee,1991,1,2,0,0,0,7,6,0,0,0,0,0,1,1,18
Texas,1991,0,1,0,0,0,5,5,0,0,0,0,0,1,1,13
Utah,1991,0,0,0,0,0,4,6,0,0,0,0,0,1,1,12
Vermont,1991,1,0,0,0,0,0,0,0,0,0,0,0,1,1,3
Virginia,1991,1,1,1,0,0,1,4,0,0,2,0,0,1,1,12
Washington,1991,4,1,2,0,0,0,2,0,0,0,0,0,1,0,10
West Virginia,1991,1,0,6,0,0,0,2,0,0,0,0,0,1,1,11
Wisconsin,1991,0,2,1,0,0,2,6,0,0,0,0,3,1,1,16
Wyoming,1991,0,0,0,0,0,0,2,0,0,0,0,3,1,1,7
Alabama,1992,7,1,1,0,0,0,3,0,0,0,1,1,1,1,16
Alaska,1992,0,1,1,0,0,1,6,0,0,0,0,0,1,1,11
Arizona,1992,0,0,3,0,0,1,6,0,0,0,0,0,1,1,12
Arkansas,1992,0,0,3,0,0,1,6,0,0,0,0,3,1,1,15
California,1992,12,5,7,11,0,4,5,4,4,0,2,2,1,0,57
Colorado,1992,1,0,0,0,0,1,2,0,0,0,0,3,1,1,9
Connecticut,1992,10,1,0,0,0,4,4,0,4,0,0,3,1,1,28
Delaware,1992,3,1,5,0,0,0,3,0,0,0,1,0,1,0,14
Florida,1992,1,0,1,0,0,7,3,0,3,2,0,0,1,1,19
Georgia,1992,2,1,1,0,0,4,2,0,0,0,0,3,1,1,15
Hawaii,1992,6,9,8,2,1,3,2,0,5,0,5,3,1,1,46
Idaho,1992,0,0,0,0,0,0,2,0,0,0,0,2,1,0,5
Illinois,1992,5,5,4,7,3,7,6,0,0,0,1,3,1,1,43
Indiana,1992,1,0,0,0,0,1,3,0,0,0,0,3,1,1,10
Iowa,1992,0,4,1,3,2,1,4,0,2,0,0,0,1,1,19
Kansas,1992,0,0,1,0,0,1,6,0,0,0,0,3,1,1,13
Kentucky,1992,0,0,1,0,0,0,6,0,0,0,0,0,1,0,8
Louisiana,1992,0,1,0,0,0,1,6,0,0,0,0,0,1,1,10
Maine,1992,2,0,2,0,0,1,2,0,0,0,0,0,1,1,9
Maryland,1992,4,1,3,0,0,2,5,0,6,0,0,0,1,1,23
Massachusetts,1992,12,7,5,6,5,6,4,0,0,5,1,3,1,1,56
Michigan,1992,6,6,1,3,0,1,6,0,0,0,0,0,1,1,25
Minnesota,1992,1,1,4,0,0,1,6,0,0,0,0,0,1,1,15
Mississippi,1992,0,0,1,0,0,2,3,0,0,0,0,0,1,1,8
Missouri,1992,0,3,1,3,0,1,6,0,0,0,0,0,1,1,16
Montana,1992,0,0,0,0,0,0,2,0,0,0,0,0,1,0,3
Nebraska,1992,0,3,1,2,0,0,6,0,0,1,0,3,1,1,18
Nevada,1992,0,0,1,0,0,1,3,0,2,0,0,0,1,0,8
New Hampshire,1992,1,0,0,0,0,0,1,0,0,0,0,3,1,1,7
New Jersey,1992,8,7,4,5,0,6,6,5,4,0,0,3,1,1,50
New Mexico,1992,0,0,1,0,0,1,6,0,0,0,0,0,1,1,10
New York,1992,4,5,5,1,1,5,6,0,0,0,2,3,1,1,34
North Carolina,1992,3,2,0,0,0,3,6,0,0,0,0,3,1,1,19
North Dakota,1992,0,0,4,0,0,2,3,0,0,2,0,0,1,1,13
Ohio,1992,0,3,2,0,0,1,6,0,0,2,0,3,1,1,19
Oklahoma,1992,0,1,1,0,0,1,6,0,0,0,0,0,1,1,11
Oregon,1992,3,2,4,0,0,1,4,0,0,0,0,0,1,1,16
Pennsylvania,1992,7,3,0,0,0,1,3,0,0,0,1,0,1,1,17
Rhode Island,1992,8,8,5,9,2,2,3,0,0,0,0,0,1,1,39
South Carolina,1992,4,2,1,0,0,6,6,0,0,0,0,0,1,1,21
South Dakota,1992,0,0,1,0,0,1,2,0,0,0,0,0,1,1,6
Tennessee,1992,1,2,0,0,0,7,6,0,0,0,0,0,1,1,18
Texas,1992,0,1,0,0,0,5,5,0,0,0,0,0,1,1,13
Utah,1992,0,0,0,0,0,5,6,0,0,0,0,0,1,1,13
Vermont,1992,1,0,0,0,0,0,0,0,0,0,0,0,1,1,3
Virginia,1992,1,1,1,0,0,1,4,0,0,2,0,0,1,1,12
Washington,1992,4,1,3,0,0,0,2,0,0,0,0,0,1,0,11
West Virginia,1992,1,0,6,0,0,0,2,0,0,0,0,0,1,1,11
Wisconsin,1992,0,2,1,0,0,2,6,0,2,0,0,3,1,1,18
Wyoming,1992,0,0,0,0,0,0,2,0,0,0,0,3,1,1,7
Alabama,1993,7,1,1,0,0,0,3,0,0,0,1,1,1,1,16
Alaska,1993,0,1,1,0,0,1,6,0,0,0,0,0,1,1,11
Arizona,1993,0,0,3,0,0,2,6,0,0,0,0,0,1,1,13
Arkansas,1993,0,0,3,0,0,3,6,0,0,0,1,0,1,0,14
California,1993,12,5,7,11,0,4,5,4,4,0,2,2,1,0,57
Colorado,1993,1,0,0,0,0,1,2,0,0,0,0,3,1,1,9
Connecticut,1993,11,1,0,0,0,4,4,3,4,2,0,3,1,1,34
Delaware,1993,3,1,5,0,0,0,3,0,0,0,1,0,1,0,14
Florida,1993,1,0,1,0,0,7,3,0,3,2,0,0,1,1,19
Georgia,1993,2,1,1,0,0,4,2,0,0,0,0,3,1,1,15
Hawaii,1993,6,9,8,2,1,3,2,0,5,0,8,3,1,1,49
Idaho,1993,0,0,0,0,0,0,2,0,0,0,0,2,1,0,5
Illinois,1993,5,5,4,7,3,7,6,0,0,0,2,3,1,1,44
Indiana,1993,1,0,0,0,0,1,3,0,0,0,0,3,1,1,10
Iowa,1993,0,4,1,3,2,1,4,0,2,0,0,0,1,1,19
Kansas,1993,0,0,1,0,0,1,6,0,0,0,0,3,1,1,13
Kentucky,1993,0,0,1,0,0,0,6,0,0,0,0,0,1,0,8
Louisiana,1993,0,1,0,0,0,3,6,0,0,0,0,0,1,1,12
Maine,1993,2,0,2,0,0,1,2,0,0,0,0,0,1,1,9
Maryland,1993,4,1,3,0,0,2,5,0,6,0,1,0,1,1,24
Massachusetts,1993,12,7,5,6,5,6,4,0,0,5,1,3,1,1,56
Michigan,1993,6,6,1,3,0,1,6,0,0,0,0,0,1,1,25
Minnesota,1993,2,1,4,0,0,3,6,0,4,0,0,0,1,1,22
Mississippi,1993,0,0,1,0,0,2,3,0,0,0,0,0,1,1,8
Missouri,1993,0,3,1,3,0,1,6,0,0,0,0,0,1,1,16
Montana,1993,0,0,0,0,0,0,2,0,0,0,0,0,1,0,3
Nebraska,1993,0,3,1,2,0,0,6,0,0,1,0,3,1,1,18
Nevada,1993,0,0,1,0,0,1,3,0,2,0,0,0,1,0,8
New Hampshire,1993,1,0,0,0,0,0,1,0,0,0,0,3,1,1,7
New Jersey,1993,8,7,4,5,0,6,6,5,4,0,1,3,1,1,51
New Mexico,1993,0,0,1,0,0,1,6,0,0,0,0,0,1,1,10
New York,1993,4,5,5,1,1,5,6,0,0,0,2,3,1,1,34
North Carolina,1993,3,2,0,0,0,3,6,0,4,0,0,3,1,1,23
North Dakota,1993,0,0,4,0,0,2,3,0,0,2,0,0,1,1,13
Ohio,1993,0,3,2,0,0,1,6,0,0,2,0,3,1,1,19
Oklahoma,1993,0,1,1,0,0,1,6,0,0,0,1,0,1,1,12
Oregon,1993,3,2,4,0,0,1,4,0,0,0,0,0,1,1,16
Pennsylvania,1993,7,3,0,0,0,1,3,0,0,0,1,0,1,1,17
Rhode Island,1993,8,8,5,9,2,2,3,0,0,0,0,0,1,1,39
South Carolina,1993,4,2,1,0,0,6,6,0,0,0,0,0,1,1,21
South Dakota,1993,0,0,1,0,0,1,2,0,0,0,0,0,1,1,6
Tennessee,1993,1,2,0,0,0,7,6,0,0,0,0,0,1,1,18
Texas,1993,0,1,0,0,0,5,5,0,0,0,0,0,1,0,12
Utah,1993,0,0,0,0,0,5,6,0,0,0,0,0,1,1,13
Vermont,1993,1,0,0,0,0,0,0,0,0,0,0,0,1,1,3
Virginia,1993,1,2,1,0,0,1,4,0,0,2,0,0,1,1,13
Washington,1993,4,1,3,0,0,1,2,0,0,0,0,0,1,0,12
West Virginia,1993,1,0,6,0,0,0,2,0,0,0,0,0,1,1,11
Wisconsin,1993,0,2,1,0,0,2,6,0,2,0,0,3,1,1,18
Wyoming,1993,0,0,0,0,0,0,2,0,0,0,0,3,1,1,7
Alabama,1994,7,1,1,0,0,0,3,0,0,0,1,1,1,1,16
Alaska,1994,0,1,1,0,0,1,3,0,0,0,0,0,1,1,8
Arizona,1994,0,0,4,0,0,1,4,0,0,0,0,0,1,1,11
Arkansas,1994,0,0,3,0,0,3,6,0,0,0,1,0,1,0,14
California,1994,13,7,7,11,2,4,6,4,4,5,3,2,1,0,69
Colorado,1994,1,0,1,0,0,1,2,0,0,0,0,3,1,1,10
Connecticut,1994,11,2,5,6,0,5,4,4,4,2,9,3,1,1,57
Delaware,1994,3,1,5,0,0,0,3,0,4,2,1,0,1,0,20
Florida,1994,1,1,1,0,0,8,3,0,3,2,0,0,1,1,21
Georgia,1994,2,0,1,0,0,4,2,0,0,0,0,3,1,1,14
Hawaii,1994,8,14,8,2,1,5,3,0,5,0,11,3,1,1,62
Idaho,1994,0,0,0,0,0,0,3,0,0,0,0,2,1,0,6
Illinois,1994,5,5,4,7,3,7,6,0,0,0,2,3,1,1,44
Indiana,1994,1,0,1,0,0,2,4,0,0,0,0,0,1,1,10
Iowa,1994,0,4,1,3,2,1,4,0,2,0,0,0,1,1,19
Kansas,1994,0,0,1,0,0,1,6,0,0,0,1,3,1,1,14
Kentucky,1994,0,0,1,0,0,1,6,0,0,0,0,0,1,0,9
Louisiana,1994,0,1,0,0,0,3,6,0,0,0,0,0,1,1,12
Maine,1994,2,0,2,0,0,1,2,0,0,0,0,0,1,1,9
Maryland,1994,4,1,3,0,0,2,5,1,6,0,1,0,1,1,25
Massachusetts,1994,12,7,5,6,5,6,4,0,0,5,12,3,1,1,67
Michigan,1994,6,6,1,3,0,1,6,0,0,0,0,0,1,1,25
Minnesota,1994,2,1,5,0,0,3,6,0,4,0,0,0,1,1,23
Mississippi,1994,0,0,1,0,0,4,3,0,0,0,0,0,1,1,10
Missouri,1994,0,3,1,3,0,1,6,0,0,0,0,0,1,1,16
Montana,1994,0,0,0,0,0,0,2,0,0,0,0,0,1,0,3
Nebraska,1994,0,3,1,2,0,3,6,0,0,1,0,3,1,1,21
Nevada,1994,0,0,1,0,0,1,3,0,2,0,0,0,1,0,8
New Hampshire,1994,1,0,0,0,0,0,1,0,0,0,0,3,1,1,7
New Jersey,1994,8,7,4,5,0,6,6,5,4,0,1,3,1,1,51
New Mexico,1994,0,0,1,0,0,1,6,0,0,0,0,0,1,1,10
New York,1994,4,5,5,1,1,5,6,0,0,0,2,3,1,1,34
North Carolina,1994,3,2,1,0,0,3,6,0,4,0,0,3,1,1,24
North Dakota,1994,0,0,4,0,0,2,3,0,0,2,0,0,1,1,13
Ohio,1994,0,3,2,0,0,1,6,0,0,2,1,3,1,1,20
Oklahoma,1994,0,1,1,0,0,2,6,0,0,0,1,0,1,1,13
Oregon,1994,3,2,4,0,0,1,4,0,0,0,0,0,1,1,16
Pennsylvania,1994,7,3,0,0,0,1,3,0,0,0,1,0,1,1,17
Rhode Island,1994,8,8,5,9,2,2,3,0,0,0,0,0,1,1,39
South Carolina,1994,4,2,1,0,0,6,6,0,0,0,0,0,1,1,21
South Dakota,1994,0,0,1,0,0,1,2,0,0,0,0,0,1,1,6
Tennessee,1994,1,4,0,3,0,5,3,0,0,0,0,0,1,1,18
Texas,1994,0,1,1,0,0,5,5,0,0,0,0,0,1,0,13
Utah,1994,0,0,3,0,0,3,6,0,0,2,0,0,0,1,15
Vermont,1994,1,0,0,0,0,0,0,0,0,0,0,0,1,1,3
Virginia,1994,1,2,3,0,0,1,4,0,0,2,0,0,1,1,15
Washington,1994,5,0,7,0,1,2,4,0,0,0,8,0,1,0,28
West Virginia,1994,1,0,6,0,0,1,2,0,0,0,0,0,1,1,12
Wisconsin,1994,0,2,3,0,0,2,6,0,2,0,0,3,1,1,20
Wyoming,1994,0,0,0,0,0,3,3,0,0,0,0,3,1,1,11
Alabama,1995,7,1,1,0,0,0,3,0,0,0,1,1,1,1,16
Alaska,1995,0,1,1,0,0,1,3,0,0,0,0,0,1,1,8
Arizona,1995,0,0,4,0,0,1,4,0,0,0,1,0,1,1,12
Arkansas,1995,0,0,3,0,0,3,2,0,0,0,1,0,1,0,10
California,1995,13,7,7,11,2,4,6,4,4,5,3,2,1,0,69
Colorado,1995,1,0,1,0,0,1,2,0,0,0,1,3,1,1,11
Connecticut,1995,11,5,5,6,0,5,4,4,4,2,9,3,1,1,60
Delaware,1995,3,1,5,0,0,1,3,0,4,2,1,0,1,0,21
Florida,1995,1,1,1,0,0,8,3,0,3,2,0,0,1,1,21
Georgia,1995,2,0,1,0,0,4,2,0,0,0,0,0,1,0,10
Hawaii,1995,8,15,8,2,1,5,3,0,5,0,11,3,1,1,63
Idaho,1995,0,0,0,0,0,0,3,0,0,0,0,2,1,0,6
Illinois,1995,5,5,4,7,3,7,6,0,0,0,7,3,1,1,49
Indiana,1995,1,0,1,0,0,2,4,0,0,0,0,0,1,1,10
Iowa,1995,0,4,1,3,2,2,4,0,2,0,0,0,1,1,20
Kansas,1995,0,0,1,0,0,1,6,0,0,0,1,3,1,1,14
Kentucky,1995,0,0,1,0,0,1,6,0,0,0,0,0,1,0,9
Louisiana,1995,0,1,0,0,0,3,6,0,0,0,0,0,1,1,12
Maine,1995,2,0,2,0,0,1,2,0,0,0,0,0,1,1,9
Maryland,1995,4,1,3,0,0,2,5,1,6,0,1,0,1,1,25
Massachusetts,1995,12,7,5,6,5,6,4,0,0,5,12,3,1,1,67
Michigan,1995,6,6,1,3,0,1,6,0,0,0,0,0,1,1,25
Minnesota,1995,2,1,6,0,0,3,6,0,4,0,5,0,1,1,29
Mississippi,1995,0,0,1,0,0,4,3,0,0,0,0,0,1,1,10
Missouri,1995,0,3,1,3,0,1,6,0,0,0,0,0,1,1,16
Montana,1995,0,0,0,0,0,0,2,0,0,0,1,0,1,0,4
Nebraska,1995,0,3,1,2,0,3,6,0,0,1,0,3,1,1,21
Nevada,1995,0,0,1,0,0,2,3,0,0,0,0,0,1,0,7
New Hampshire,1995,1,0,0,0,0,0,1,0,0,0,0,3,1,1,7
New Jersey,1995,8,7,4,5,0,6,6,5,4,0,1,3,1,1,51
New Mexico,1995,0,0,1,0,0,1,6,0,0,0,0,0,1,1,10
New York,1995,4,5,5,1,1,5,6,0,0,0,2,3,1,1,34
North Carolina,1995,3,2,1,4,0,3,3,0,4,0,0,3,1,1,25
North Dakota,1995,0,0,4,0,0,2,3,0,0,2,0,0,1,1,13
Ohio,1995,0,3,2,0,0,1,6,0,0,2,1,3,1,1,20
Oklahoma,1995,0,1,1,0,0,2,4,0,0,0,1,0,1,1,11
Oregon,1995,3,2,4,0,0,1,4,0,0,0,0,0,1,1,16
Pennsylvania,1995,9,3,5,0,0,1,3,0,0,0,2,0,1,1,25
Rhode Island,1995,8,8,5,9,2,2,3,0,3,0,0,0,1,1,42
South Carolina,1995,3,2,1,0,0,6,6,0,0,0,0,0,1,1,20
South Dakota,1995,0,0,1,0,0,1,2,0,0,0,0,0,1,1,6
Tennessee,1995,1,4,0,3,0,5,3,0,0,0,1,0,1,1,19
Texas,1995,0,1,1,0,0,5,3,0,4,0,0,0,1,0,15
Utah,1995,0,0,3,0,0,3,4,0,0,2,1,0,0,1,14
Vermont,1995,1,0,0,0,0,0,0,0,0,0,0,0,1,1,3
Virginia,1995,1,2,3,0,0,1,3,0,0,2,0,0,1,1,14
Washington,1995,5,0,7,0,1,2,4,0,0,0,8,0,1,0,28
West Virginia,1995,1,0,6,0,0,1,2,0,0,0,0,0,1,1,12
Wisconsin,1995,0,2,3,0,0,2,6,0,2,0,0,0,1,1,17
Wyoming,1995,0,0,0,0,0,3,3,0,0,0,0,0,1,1,8
Alabama,1996,7,1,1,0,0,0,3,0,0,0,1,1,1,1,16
Alaska,1996,0,1,1,0,0,1,3,0,0,0,0,0,1,1,8
Arizona,1996,0,0,4,0,0,1,4,0,0,0,1,0,1,1,12
Arkansas,1996,0,0,3,0,0,3,2,0,0,0,1,0,1,0,10
California,1996,13,7,7,11,2,4,6,4,4,5,3,2,1,0,69
Colorado,1996,1,0,1,0,0,1,2,0,0,0,1,3,1,1,11
Connecticut,1996,11,5,5,6,0,5,4,4,4,2,9,3,1,1,60
Delaware,1996,3,1,5,0,0,1,3,0,4,2,1,0,1,0,21
Florida,1996,1,1,1,0,0,8,3,0,3,2,0,0,1,1,21
Georgia,1996,2,0,1,0,0,4,2,0,0,0,0,0,1,0,10
Hawaii,1996,8,15,8,2,1,5,3,0,5,0,11,3,1,1,63
Idaho,1996,0,0,0,0,0,0,3,0,0,0,0,2,1,0,6
Illinois,1996,5,5,5,7,3,7,6,0,0,0,7,3,1,1,50
Indiana,1996,1,0,1,0,0,2,4,0,0,0,1,0,1,1,11
Iowa,1996,0,4,1,3,2,2,4,0,2,0,0,0,1,1,20
Kansas,1996,0,0,1,0,0,1,6,0,0,0,1,3,1,1,14
Kentucky,1996,0,0,1,0,0,1,3,0,0,0,0,0,1,0,6
Louisiana,1996,0,1,0,0,0,3,4,0,0,0,0,0,1,1,10
Maine,1996,2,0,2,0,0,1,2,0,0,0,0,0,1,1,9
Maryland,1996,7,6,6,6,2,3,5,1,6,0,4,0,1,1,48
Massachusetts,1996,12,7,5,6,5,6,4,0,0,5,12,3,1,1,67
Michigan,1996,6,6,1,3,0,1,6,0,0,0,0,0,1,1,25
Minnesota,1996,2,1,6,0,0,3,6,0,6,0,6,0,1,1,32
Mississippi,1996,0,0,1,0,0,4,3,0,0,0,0,0,1,1,10
Missouri,1996,0,3,1,3,0,1,6,0,0,0,0,0,1,1,16
Montana,1996,0,0,0,0,0,0,2,0,0,0,1,0,1,0,4
Nebraska,1996,0,3,1,2,0,3,6,0,0,1,0,3,1,1,21
Nevada,1996,0,0,1,0,0,2,3,0,0,0,0,0,1,0,7
New Hampshire,1996,1,0,0,0,0,0,1,0,0,0,0,3,1,1,7
New Jersey,1996,8,7,4,5,0,6,6,5,4,0,1,3,1,1,51
New Mexico,1996,0,0,1,0,0,1,6,0,0,0,0,0,1,1,10
New York,1996,4,5,5,1,1,5,6,0,0,0,8,3,1,1,40
North Carolina,1996,3,2,1,4,0,3,3,0,4,0,0,0,1,1,22
North Dakota,1996,0,0,4,0,0,2,3,0,0,2,0,0,1,1,13
Ohio,1996,0,3,2,0,0,1,6,0,0,2,1,3,1,1,20
Oklahoma,1996,0,1,1,0,0,2,4,0,0,0,1,0,1,1,11
Oregon,1996,3,2,4,0,0,1,4,0,0,0,0,0,1,1,16
Pennsylvania,1996,9,3,5,0,0,1,3,0,0,0,2,0,1,1,25
Rhode Island,1996,8,8,5,9,2,2,3,0,3,0,0,0,1,1,42
South Carolina,1996,3,2,1,0,0,6,4,0,0,0,0,0,1,1,18
South Dakota,1996,0,0,1,0,0,1,2,0,0,0,0,0,1,1,6
Tennessee,1996,1,4,0,3,0,5,2,0,0,0,1,0,1,1,18
Texas,1996,0,1,1,0,0,5,3,0,4,0,0,0,1,0,15
Utah,1996,0,0,3,0,0,3,4,0,0,2,1,0,0,1,14
Vermont,1996,1,0,0,0,0,0,0,0,0,0,0,0,1,1,3
Virginia,1996,1,2,3,0,0,1,3,0,0,2,0,0,1,1,14
Washington,1996,5,0,4,0,1,2,4,0,0,0,7,0,1,0,24
West Virginia,1996,1,0,6,0,0,1,3,0,0,0,0,0,1,1,13
Wisconsin,1996,0,2,3,0,0,2,6,0,2,0,3,0,1,1,20
Wyoming,1996,0,0,0,0,0,3,3,0,0,0,0,0,1,1,8
Alabama,1997,7,1,1,0,0,0,3,0,0,0,1,1,1,1,16
Alaska,1997,0,1,1,0,0,1,3,0,0,0,0,0,1,1,8
Arizona,1997,0,0,4,0,0,1,4,0,0,0,1,0,1,1,12
Arkansas,1997,0,0,3,0,0,3,3,0,0,0,1,0,1,0,11
California,1997,13,7,7,11,3,4,6,4,4,5,3,2,1,0,70
Colorado,1997,1,0,1,0,0,1,2,0,0,0,1,3,1,1,11
Connecticut,1997,11,5,5,6,0,5,4,4,4,2,9,3,1,1,60
Delaware,1997,3,1,5,0,0,1,3,0,4,2,1,0,1,0,21
Florida,1997,1,1,1,0,0,8,3,0,3,2,0,0,1,1,21
Georgia,1997,2,0,1,0,0,4,3,0,0,0,0,0,1,0,11
Hawaii,1997,8,15,8,2,1,5,3,0,5,0,11,3,1,1,63
Idaho,1997,0,0,0,0,0,0,3,0,0,0,0,2,1,0,6
Illinois,1997,5,5,6,7,3,7,6,0,0,0,7,3,1,1,51
Indiana,1997,1,0,1,0,0,2,4,0,0,0,1,0,1,1,11
Iowa,1997,0,4,1,3,2,2,4,0,2,0,0,0,1,1,20
Kansas,1997,0,0,1,0,0,1,6,0,0,0,1,3,1,1,14
Kentucky,1997,0,0,1,0,0,1,3,0,0,0,0,0,1,0,6
Louisiana,1997,0,1,0,0,0,3,4,0,0,0,0,0,1,1,10
Maine,1997,2,0,2,0,0,1,2,0,0,0,1,0,1,1,10
Maryland,1997,7,6,6,6,2,3,5,1,6,0,4,0,1,1,48
Massachusetts,1997,12,7,5,6,5,6,4,0,0,5,12,3,1,1,67
Michigan,1997,6,6,1,3,0,1,6,0,0,0,0,0,1,1,25
Minnesota,1997,2,1,6,0,0,3,6,0,6,0,6,0,1,1,32
Mississippi,1997,0,0,1,0,0,4,3,0,0,0,0,0,1,1,10
Missouri,1997,0,3,1,3,0,1,6,0,0,0,0,0,1,1,16
Montana,1997,0,0,0,0,0,1,2,0,0,0,1,0,1,0,5
Nebraska,1997,0,3,1,2,0,3,6,0,0,1,0,3,1,1,21
Nevada,1997,0,0,1,0,0,2,3,0,0,0,0,0,1,0,7
New Hampshire,1997,1,0,0,0,0,0,1,0,0,0,0,3,1,1,7
New Jersey,1997,8,7,4,5,0,6,6,5,4,0,1,3,1,1,51
New Mexico,1997,0,0,1,0,0,1,6,0,0,0,0,0,1,1,10
New York,1997,4,5,5,1,1,5,6,0,0,0,8,3,1,1,40
North Carolina,1997,1,2,1,4,0,3,3,0,4,0,0,0,1,1,20
North Dakota,1997,0,0,4,0,0,2,3,0,0,2,0,0,1,1,13
Ohio,1997,0,3,2,0,0,1,6,0,0,2,1,3,1,1,20
Oklahoma,1997,0,1,1,0,0,2,4,0,0,0,1,0,1,1,11
Oregon,1997,3,2,4,0,0,1,4,0,0,0,0,0,1,1,16
Pennsylvania,1997,10,3,5,6,0,1,3,0,0,0,2,0,1,1,32
Rhode Island,1997,8,9,5,9,2,2,3,0,3,0,0,0,1,1,43
South Carolina,1997,3,2,1,0,0,6,4,0,0,0,0,0,1,1,18
South Dakota,1997,0,0,1,0,0,1,2,0,0,0,0,0,1,1,6
Tennessee,1997,1,4,0,3,0,5,3,0,0,0,1,0,1,1,19
Texas,1997,0,1,1,0,0,5,3,0,4,0,0,0,1,0,15
Utah,1997,0,0,3,0,0,3,3,0,0,2,1,0,0,1,13
Vermont,1997,1,0,0,0,0,0,0,0,0,0,0,0,1,1,3
Virginia,1997,1,2,3,0,0,1,4,0,0,2,0,0,1,1,15
Washington,1997,5,0,4,0,1,2,4,0,0,0,7,0,1,0,24
West Virginia,1997,1,0,6,0,0,1,3,0,0,0,0,0,1,1,13
Wisconsin,1997,0,2,3,0,0,2,6,0,2,0,3,0,1,1,20
Wyoming,1997,0,0,0,0,0,3,4,0,0,0,0,0,1,1,9
Alabama,1998,7,1,1,0,0,0,3,0,0,0,1,1,1,1,16
Alaska,1998,0,1,1,0,0,1,3,0,0,0,0,0,1,1,8
Arizona,1998,0,0,4,0,0,1,4,0,0,0,1,0,1,1,12
Arkansas,1998,0,0,3,0,0,3,3,0,0,0,1,0,1,0,11
California,1998,13,7,7,11,3,4,6,4,4,5,3,2,1,0,70
Colorado,1998,1,0,1,0,0,1,2,0,0,0,1,3,1,1,11
Connecticut,1998,11,5,5,7,0,5,4,4,5,2,9,3,1,1,62
Delaware,1998,3,1,5,0,1,1,3,0,4,2,1,0,1,0,22
Florida,1998,1,1,1,0,0,8,3,0,3,2,1,0,1,1,22
Georgia,1998,2,0,1,0,0,4,3,0,0,0,0,0,1,0,11
Hawaii,1998,8,15,8,2,1,5,3,0,5,0,11,3,1,1,63
Idaho,1998,0,0,0,0,0,0,3,0,0,0,0,2,1,0,6
Illinois,1998,5,5,6,7,3,7,7,0,0,0,9,3,1,1,54
Indiana,1998,1,0,1,0,0,2,4,0,0,0,1,0,1,1,11
Iowa,1998,0,4,1,3,2,2,4,0,2,0,0,0,1,1,20
Kansas,1998,0,0,1,0,0,1,7,0,0,0,1,3,1,1,15
Kentucky,1998,0,0,1,0,0,1,3,0,0,0,0,0,1,0,6
Louisiana,1998,0,1,0,0,0,3,4,0,0,0,0,0,1,1,10
Maine,1998,2,0,2,0,0,1,2,0,0,0,1,0,1,1,10
Maryland,1998,7,6,6,6,2,3,5,1,6,0,4,0,1,1,48
Massachusetts,1998,14,10,7,7,6,9,5,3,11,5,17,3,1,1,99
Michigan,1998,6,6,1,3,0,1,7,0,0,0,0,0,1,1,26
Minnesota,1998,2,1,6,0,0,3,6,0,6,0,6,0,1,1,32
Mississippi,1998,0,0,1,0,0,4,3,0,0,0,0,0,1,1,10
Missouri,1998,0,3,1,3,0,1,7,0,0,0,0,0,1,1,17
Montana,1998,0,0,0,0,0,1,2,0,0,0,1,0,1,0,5
Nebraska,1998,0,3,1,2,0,3,7,0,0,1,0,3,1,1,22
Nevada,1998,0,0,1,0,0,2,3,0,0,0,0,0,1,0,7
New Hampshire,1998,1,0,0,0,0,0,1,0,0,0,0,3,1,1,7
New Jersey,1998,8,7,4,5,0,6,7,5,4,0,1,3,1,1,52
New Mexico,1998,0,0,1,0,0,1,7,0,0,0,0,0,1,1,11
New York,1998,4,5,6,1,1,5,6,0,0,0,8,3,1,1,41
North Carolina,1998,1,2,1,4,0,3,3,0,4,0,0,0,1,1,20
North Dakota,1998,0,0,4,0,0,2,3,0,0,2,0,0,1,1,13
Ohio,1998,0,3,2,0,0,1,7,0,0,2,1,3,1,1,21
Oklahoma,1998,0,1,1,0,0,2,4,0,0,0,1,0,1,1,11
Oregon,1998,3,2,4,0,0,1,4,0,0,0,0,0,1,1,16
Pennsylvania,1998,10,3,5,6,0,1,5,0,0,0,2,0,1,1,34
Rhode Island,1998,8,9,5,9,2,2,3,0,3,0,0,0,1,1,43
South Carolina,1998,3,2,1,0,0,6,4,0,0,0,0,0,1,1,18
South Dakota,1998,0,0,1,0,0,1,2,0,0,0,0,0,1,1,6
Tennessee,1998,4,1,0,0,0,5,3,0,0,0,1,0,1,1,16
Texas,1998,0,1,1,0,0,5,3,0,4,0,0,0,1,0,15
Utah,1998,0,0,3,0,0,3,3,0,0,2,1,0,0,1,13
Vermont,1998,1,0,0,0,0,0,0,0,0,0,0,0,1,1,3
Virginia,1998,1,2,3,0,0,1,4,0,0,2,0,0,1,1,15
Washington,1998,5,0,4,0,1,2,4,0,0,0,7,0,1,0,24
West Virginia,1998,1,0,6,0,0,1,3,0,0,0,1,0,1,1,14
Wisconsin,1998,0,2,3,0,0,2,7,0,2,0,3,0,1,1,21
Wyoming,1998,0,0,0,0,0,3,4,0,0,0,0,0,1,1,9
Alabama,1999,7,1,1,0,0,0,3,0,0,0,1,1,1,1,16
Alaska,1999,0,1,1,0,0,1,3,0,0,0,0,0,1,0,7
Arizona,1999,0,0,4,0,0,1,4,0,0,0,1,0,1,0,11
Arkansas,1999,0,0,3,0,0,3,5,0,0,0,1,0,1,0,13
California,1999,13,8,7,11,3,4,6,4,4,5,3,2,1,0,71
Colorado,1999,1,0,1,0,0,1,2,0,0,0,1,3,1,1,11
Connecticut,1999,12,5,5,10,0,6,4,4,5,2,11,3,1,1,69
Delaware,1999,3,1,5,0,1,1,3,0,4,2,3,0,1,0,24
Florida,1999,1,1,1,0,0,8,3,0,3,2,1,0,1,1,22
Georgia,1999,2,0,1,0,0,4,3,0,0,0,0,0,1,0,11
Hawaii,1999,8,15,8,2,1,5,3,0,5,0,11,3,1,1,63
Idaho,1999,0,0,0,0,0,0,3,0,0,0,0,2,1,0,6
Illinois,1999,5,5,6,7,3,7,7,0,0,0,9,3,1,1,54
Indiana,1999,1,0,0,0,0,2,4,0,0,0,1,0,1,1,10
Iowa,1999,0,4,1,3,2,2,4,0,2,0,0,0,1,1,20
Kansas,1999,0,0,1,0,0,1,7,0,0,0,1,3,1,1,15
Kentucky,1999,0,0,1,0,0,1,3,0,0,0,0,0,1,0,6
Louisiana,1999,0,1,0,0,0,3,4,0,0,0,0,0,1,0,9
Maine,1999,2,0,2,0,0,1,2,0,0,0,1,0,1,0,9
Maryland,1999,7,6,6,6,2,3,5,1,6,0,4,0,1,1,48
Massachusetts,1999,14,10,8,7,6,9,5,4,11,5,17,3,1,1,101
Michigan,1999,6,6,1,3,0,1,7,0,0,0,0,0,1,1,26
Minnesota,1999,2,1,6,0,0,3,6,0,6,0,6,0,1,1,32
Mississippi,1999,0,0,1,0,0,4,3,0,0,0,0,0,1,1,10
Missouri,1999,0,3,1,3,0,1,7,0,0,0,0,0,1,1,17
Montana,1999,0,0,0,0,0,1,2,0,0,0,1,0,1,0,5
Nebraska,1999,0,3,1,2,0,3,7,0,0,1,0,3,1,1,22
Nevada,1999,0,0,1,0,0,2,3,0,0,0,0,0,1,0,7
New Hampshire,1999,1,0,0,0,0,0,1,0,0,0,0,3,1,1,7
New Jersey,1999,8,7,4,5,0,6,7,5,4,0,1,3,1,1,52
New Mexico,1999,0,0,1,0,0,1,7,0,0,0,0,0,1,1,11
New York,1999,4,5,6,1,1,5,6,0,0,0,9,3,1,1,42
North Carolina,1999,1,2,1,4,0,3,3,0,4,0,0,0,1,1,20
North Dakota,1999,0,0,4,0,0,2,3,0,0,2,0,0,1,1,13
Ohio,1999,0,3,2,0,0,1,7,0,0,2,1,3,1,1,21
Oklahoma,1999,0,1,1,0,0,2,4,0,0,0,1,0,1,0,10
Oregon,1999,3,2,4,0,0,1,4,0,0,0,0,0,1,1,16
Pennsylvania,1999,10,3,5,6,0,1,5,0,0,0,2,0,1,0,33
Rhode Island,1999,8,9,5,9,2,3,3,0,3,0,0,0,1,1,44
South Carolina,1999,3,2,1,0,0,6,4,0,0,0,0,0,1,1,18
South Dakota,1999,0,0,1,0,0,1,2,0,0,0,0,0,1,0,5
Tennessee,1999,4,1,0,0,0,5,3,0,0,0,1,0,1,0,15
Texas,1999,0,1,1,0,0,5,3,0,4,0,0,0,1,0,15
Utah,1999,0,0,3,0,0,3,3,0,0,2,1,0,0,1,13
Vermont,1999,1,0,0,0,0,0,0,0,0,0,0,0,1,1,3
Virginia,1999,1,2,3,0,0,1,4,0,0,2,0,0,1,1,15
Washington,1999,5,0,4,0,1,2,4,0,0,0,7,0,1,0,24
West Virginia,1999,1,0,6,0,0,1,3,0,0,0,1,0,1,1,14
Wisconsin,1999,0,2,3,0,0,2,7,0,2,0,3,0,1,1,21
Wyoming,1999,0,0,0,0,0,3,4,0,0,0,0,0,1,1,9
Alabama,2000,5,0,1,0,0,0,3,0,0,0,1,0,1,0,11
Alaska,2000,0,1,1,0,0,1,3,0,0,0,0,0,1,0,7
Arizona,2000,0,0,4,0,0,1,4,0,0,0,3,0,1,0,13
Arkansas,2000,0,0,3,0,0,3,5,0,0,0,1,0,1,0,13
California,2000,13,8,7,11,3,4,6,7,4,5,14,2,1,0,85
Colorado,2000,1,0,1,0,0,1,2,0,0,2,1,3,1,0,12
Connecticut,2000,12,5,5,10,0,6,4,4,5,2,11,3,1,1,69
Delaware,2000,3,1,5,0,1,1,3,0,4,2,3,0,1,0,24
Florida,2000,1,1,1,0,0,8,3,0,3,2,1,0,1,1,22
Georgia,2000,2,0,1,0,0,4,3,0,0,0,0,0,1,0,11
Hawaii,2000,8,15,9,2,1,5,3,0,5,0,16,3,1,1,69
Idaho,2000,0,0,0,0,0,1,3,0,0,0,0,2,1,0,7
Illinois,2000,5,5,6,7,3,7,7,0,2,2,9,3,1,1,58
Indiana,2000,1,0,0,0,0,2,4,0,0,0,1,0,1,1,10
Iowa,2000,0,4,1,3,2,2,4,0,2,0,0,0,1,1,20
Kansas,2000,0,0,1,0,0,1,7,0,0,0,1,3,1,1,15
Kentucky,2000,0,0,1,0,0,1,3,0,0,0,0,0,1,0,6
Louisiana,2000,0,1,0,0,0,3,4,0,0,0,0,0,1,0,9
Maine,2000,2,0,2,0,0,1,2,0,0,0,1,0,1,0,9
Maryland,2000,7,6,6,6,2,3,5,1,7,2,4,0,1,1,51
Massachusetts,2000,14,10,8,7,6,9,5,4,11,5,17,3,1,1,101
Michigan,2000,6,6,1,3,0,1,7,0,1,0,0,0,1,0,26
Minnesota,2000,2,1,6,0,0,3,6,0,6,0,6,0,1,1,32
Mississippi,2000,0,0,1,0,0,4,3,0,0,0,0,0,1,1,10
Missouri,2000,0,3,1,3,0,1,7,0,0,0,0,0,1,1,17
Montana,2000,0,0,0,0,0,1,2,0,0,0,1,0,1,0,5
Nebraska,2000,0,3,1,2,0,3,7,0,0,1,0,3,1,1,22
Nevada,2000,0,0,1,0,0,2,3,0,0,0,0,0,1,0,7
New Hampshire,2000,1,0,0,0,0,0,1,0,3,0,5,3,1,1,15
New Jersey,2000,8,7,4,5,0,6,7,5,6,0,1,3,1,1,54
New Mexico,2000,0,0,1,0,0,1,7,0,0,0,0,0,1,1,11
New York,2000,4,7,6,5,2,6,6,4,2,3,9,3,1,1,59
North Carolina,2000,1,2,1,4,0,3,3,0,4,0,0,0,1,1,20
North Dakota,2000,0,0,4,0,0,2,3,0,0,2,0,0,1,1,13
Ohio,2000,0,3,2,0,0,1,7,0,0,2,1,3,1,1,21
Oklahoma,2000,0,1,1,0,0,2,4,0,0,0,1,0,1,0,10
Oregon,2000,5,2,4,6,0,1,4,0,0,0,0,0,1,1,24
Pennsylvania,2000,10,3,5,6,0,1,5,0,1,0,2,0,1,0,34
Rhode Island,2000,8,9,5,9,2,3,3,0,4,0,0,0,1,1,45
South Carolina,2000,3,2,1,0,0,6,4,0,0,0,0,0,1,0,17
South Dakota,2000,0,0,1,0,0,1,2,0,0,0,0,0,1,0,5
Tennessee,2000,4,1,0,0,0,5,3,0,0,0,1,0,1,0,15
Texas,2000,0,1,1,0,0,5,3,0,4,0,0,0,1,0,15
Utah,2000,0,0,3,0,0,3,3,0,0,2,1,0,0,0,12
Vermont,2000,1,0,0,0,0,0,0,0,0,0,0,0,1,1,3
Virginia,2000,1,2,3,0,0,1,4,0,0,2,0,0,1,0,14
Washington,2000,5,0,4,0,1,2,4,0,0,0,7,0,1,0,24
West Virginia,2000,1,0,6,0,0,1,3,0,0,0,5,0,1,1,18
Wisconsin,2000,0,2,3,0,0,2,7,0,2,0,3,0,1,1,21
Wyoming,2000,0,0,0,0,0,3,4,0,0,0,0,0,1,1,9
Alabama,2001,5,0,1,0,0,0,3,0,0,0,1,0,1,0,11
Alaska,2001,0,1,1,0,0,1,3,0,0,0,0,0,1,0,7
Arizona,2001,0,0,4,0,0,1,4,0,0,0,3,0,1,0,13
Arkansas,2001,0,0,3,0,0,3,5,0,0,0,1,0,1,0,13
California,2001,14,8,7,11,3,4,6,7,4,5,14,2,1,0,86
Colorado,2001,1,0,1,4,0,1,2,0,0,2,1,3,1,0,16
Connecticut,2001,12,5,5,10,0,6,4,4,5,2,11,3,1,1,69
Delaware,2001,3,1,5,0,1,1,3,0,4,2,3,0,1,0,24
Florida,2001,1,1,1,0,0,8,3,0,3,2,1,0,1,0,21
Georgia,2001,2,0,1,0,0,4,3,0,0,0,0,0,1,0,11
Hawaii,2001,8,15,9,2,1,5,3,0,5,0,16,3,1,1,69
Idaho,2001,0,0,0,0,0,1,3,0,0,0,0,2,1,0,7
Illinois,2001,5,5,6,7,3,7,7,0,2,2,9,3,1,1,58
Indiana,2001,1,0,0,0,0,2,4,0,0,0,1,0,1,0,9
Iowa,2001,0,4,1,3,2,2,4,0,2,0,0,0,1,1,20
Kansas,2001,0,0,1,0,0,1,7,0,0,0,1,3,1,1,15
Kentucky,2001,0,0,1,0,0,1,3,0,0,0,0,0,1,0,6
Louisiana,2001,0,1,0,0,0,3,4,0,0,0,0,0,1,0,9
Maine,2001,2,0,2,0,0,1,2,0,0,0,1,0,1,0,9
Maryland,2001,7,6,6,6,2,3,5,1,7,2,4,0,1,1,51
Massachusetts,2001,14,10,8,7,6,9,5,4,11,5,17,3,1,1,101
Michigan,2001,6,6,1,3,0,2,4,0,1,0,0,0,1,0,24
Minnesota,2001,2,1,6,0,0,3,6,0,6,0,6,0,1,1,32
Mississippi,2001,0,0,1,0,0,4,3,0,0,0,0,0,1,1,10
Missouri,2001,0,3,1,3,0,1,7,0,0,0,0,0,1,1,17
Montana,2001,0,0,0,0,0,1,2,0,0,0,1,0,1,0,5
Nebraska,2001,0,3,1,2,0,3,7,0,0,1,0,3,1,1,22
Nevada,2001,0,0,1,0,0,2,3,0,0,0,0,0,1,0,7
New Hampshire,2001,1,0,0,0,0,0,1,0,3,0,5,3,1,1,15
New Jersey,2001,8,8,4,5,0,7,7,5,6,0,1,3,1,1,56
New Mexico,2001,0,0,1,0,0,1,1,0,0,0,0,0,1,1,5
New York,2001,4,7,6,5,2,6,6,4,2,4,9,3,1,1,60
North Carolina,2001,1,2,1,4,0,3,3,0,4,0,0,0,1,1,20
North Dakota,2001,0,0,4,0,0,2,3,0,0,2,0,0,1,0,12
Ohio,2001,0,3,2,0,0,1,7,0,0,2,1,3,1,0,20
Oklahoma,2001,0,1,1,0,0,2,4,0,0,0,1,0,1,0,10
Oregon,2001,5,2,4,6,0,1,4,0,0,0,0,0,1,1,24
Pennsylvania,2001,10,3,5,6,0,1,5,0,1,0,2,0,1,0,34
Rhode Island,2001,8,9,5,9,2,3,3,0,4,0,0,0,1,1,45
South Carolina,2001,4,2,1,0,0,6,4,0,0,0,0,0,1,0,18
South Dakota,2001,0,0,1,0,0,1,2,0,0,0,0,0,1,0,5
Tennessee,2001,4,1,0,0,0,5,3,0,0,0,1,0,1,0,15
Texas,2001,0,1,1,0,0,5,3,0,4,0,3,0,1,0,18
Utah,2001,0,0,3,0,0,3,3,0,0,2,1,0,0,0,12
Vermont,2001,1,0,0,0,0,0,0,0,0,0,0,0,1,1,3
Virginia,2001,1,2,3,0,0,1,4,0,0,2,0,0,1,0,14
Washington,2001,5,0,4,0,1,2,4,0,0,0,7,0,1,0,24
West Virginia,2001,1,0,6,0,0,1,3,0,0,0,7,0,1,1,20
Wisconsin,2001,0,2,3,0,0,2,7,0,2,0,3,0,1,1,21
Wyoming,2001,0,0,0,0,0,3,4,0,0,0,0,0,1,1,9
Alabama,2002,5,0,1,0,0,0,3,0,0,0,1,0,1,0,11
Alaska,2002,0,1,1,0,0,1,3,0,0,0,0,0,1,0,7
Arizona,2002,0,0,4,0,0,1,4,0,0,0,3,0,1,0,13
Arkansas,2002,0,0,3,0,0,3,5,0,0,0,1,0,1,0,13
California,2002,14,8,7,11,3,4,6,7,7,5,17,2,1,1,93
Colorado,2002,1,0,1,4,0,1,2,0,0,2,1,3,1,0,16
Connecticut,2002,12,5,6,10,0,6,4,4,5,2,11,3,1,1,70
Delaware,2002,3,1,5,0,1,1,4,0,4,2,3,0,1,0,25
Florida,2002,1,1,1,0,0,8,3,0,3,2,1,0,1,0,21
Georgia,2002,2,0,1,0,0,4,3,0,0,0,0,0,1,0,11
Hawaii,2002,8,15,9,2,1,5,3,0,5,0,16,3,1,1,69
Idaho,2002,0,0,0,0,0,1,3,0,0,0,0,2,1,0,7
Illinois,2002,5,5,6,7,3,7,7,0,2,2,9,3,1,1,58
Indiana,2002,1,0,0,0,0,2,4,0,0,0,1,0,1,0,9
Iowa,2002,0,4,1,3,2,2,4,0,2,0,0,0,1,1,20
Kansas,2002,0,0,1,0,0,1,7,0,0,0,1,3,1,0,14
Kentucky,2002,0,0,1,0,0,1,3,0,0,0,0,0,1,0,6
Louisiana,2002,0,1,0,0,0,3,4,0,0,0,0,0,1,0,9
Maine,2002,2,0,2,0,0,1,2,0,0,0,1,0,1,0,9
Maryland,2002,7,7,6,6,2,3,5,1,7,2,4,0,1,1,52
Massachusetts,2002,14,10,8,7,6,9,5,4,11,5,17,3,1,1,101
Michigan,2002,6,6,1,3,0,2,4,0,1,0,0,0,1,0,24
Minnesota,2002,2,1,6,0,0,3,6,0,6,0,6,0,1,1,32
Mississippi,2002,0,0,1,0,0,4,3,0,0,0,0,0,1,1,10
Missouri,2002,0,3,1,3,0,1,7,0,0,0,0,0,1,1,17
Montana,2002,0,0,0,0,0,1,2,0,0,0,1,0,1,0,5
Nebraska,2002,0,3,1,2,0,3,7,0,0,1,0,3,1,1,22
Nevada,2002,0,0,1,0,0,2,3,0,0,0,0,0,1,0,7
New Hampshire,2002,1,0,0,0,0,0,1,0,3,0,5,3,1,1,15
New Jersey,2002,8,8,4,5,0,7,7,5,6,1,1,3,1,1,57
New Mexico,2002,0,0,1,0,0,1,1,0,0,0,0,0,1,1,5
New York,2002,4,7,6,5,2,6,6,4,2,3,9,3,1,1,59
North Carolina,2002,1,2,1,4,0,3,3,0,4,0,0,0,1,0,19
North Dakota,2002,0,0,4,0,0,2,3,0,0,2,0,0,1,0,12
Ohio,2002,0,3,2,0,0,1,7,0,0,2,1,3,1,0,20
Oklahoma,2002,0,1,1,0,0,2,4,0,0,0,1,0,1,0,10
Oregon,2002,5,2,4,6,0,1,4,0,0,0,0,0,1,1,24
Pennsylvania,2002,10,3,5,6,0,1,5,0,1,0,2,0,1,0,34
Rhode Island,2002,8,9,5,9,2,3,3,0,4,0,0,0,1,1,45
South Carolina,2002,4,2,1,0,0,6,4,0,0,0,0,0,1,0,18
South Dakota,2002,0,0,1,0,0,1,3,0,0,0,0,0,1,0,6
Tennessee,2002,4,1,0,0,0,5,3,0,0,0,1,0,1,0,15
Texas,2002,0,1,1,0,0,5,3,0,4,0,3,0,1,0,18
Utah,2002,0,0,3,0,0,2,3,0,0,2,1,0,0,0,11
Vermont,2002,1,0,0,0,0,0,0,0,0,0,0,0,1,1,3
Virginia,2002,1,2,3,0,0,1,4,0,0,2,0,0,1,0,14
Washington,2002,5,0,4,0,1,2,4,0,0,0,7,0,1,0,24
West Virginia,2002,1,0,6,0,0,1,3,0,0,0,7,0,1,1,20
Wisconsin,2002,0,2,3,0,0,2,7,0,2,0,6,0,1,1,24
Wyoming,2002,0,0,0,0,0,3,4,0,0,0,0,0,1,1,9
Alabama,2003,5,0,1,0,0,0,3,0,0,0,1,0,1,0,11
Alaska,2003,0,1,1,0,0,1,0,0,0,0,0,0,1,0,4
Arizona,2003,0,0,4,0,0,1,4,0,0,0,3,0,1,0,13
Arkansas,2003,0,0,3,0,0,3,5,0,0,0,1,0,1,0,13
California,2003,14,8,7,11,3,4,6,7,7,5,17,2,1,1,93
Colorado,2003,1,0,1,4,0,2,5,0,0,2,1,0,1,0,17
Connecticut,2003,12,5,6,10,0,6,4,4,5,2,11,3,1,1,70
Delaware,2003,3,1,5,0,1,1,4,0,4,2,2,0,1,0,24
Florida,2003,1,1,1,0,0,8,3,0,3,2,1,0,1,0,21
Georgia,2003,2,0,1,0,0,4,3,0,0,0,0,0,1,0,11
Hawaii,2003,8,15,9,2,1,5,3,0,5,0,16,3,1,1,69
Idaho,2003,0,0,0,0,0,1,3,0,0,0,0,2,1,0,7
Illinois,2003,5,5,6,7,3,7,7,0,2,2,9,3,1,1,58
Indiana,2003,1,0,0,0,0,2,4,0,0,0,2,0,1,0,10
Iowa,2003,0,4,1,3,2,2,4,0,2,0,0,0,1,1,20
Kansas,2003,0,0,1,0,0,1,7,0,0,0,1,3,1,0,14
Kentucky,2003,0,0,1,0,0,1,3,0,0,0,0,0,1,0,6
Louisiana,2003,0,1,0,0,0,3,4,0,0,0,0,0,1,0,9
Maine,2003,2,0,2,0,0,1,2,0,0,0,1,0,1,0,9
Maryland,2003,7,8,6,6,2,3,5,1,7,3,4,0,1,1,54
Massachusetts,2003,14,10,8,7,6,9,5,4,11,5,17,3,1,1,101
Michigan,2003,6,6,1,3,0,2,4,0,1,0,0,0,1,0,24
Minnesota,2003,2,1,6,0,0,3,5,0,6,0,6,0,1,1,31
Mississippi,2003,0,0,1,0,0,4,3,0,0,0,0,0,1,0,9
Missouri,2003,0,3,1,3,0,1,3,0,0,0,0,0,1,0,12
Montana,2003,0,0,0,0,0,1,2,0,0,0,1,0,1,0,5
Nebraska,2003,0,3,1,2,0,3,7,0,0,1,0,3,1,1,22
Nevada,2003,0,0,3,0,1,2,3,0,0,0,0,0,1,0,10
New Hampshire,2003,1,0,0,0,0,0,1,0,3,0,5,0,1,1,12
New Jersey,2003,8,8,4,5,0,7,7,5,6,1,1,3,1,1,57
New Mexico,2003,0,0,1,0,0,3,1,0,0,0,0,0,1,1,7
New York,2003,4,7,6,5,2,6,6,4,2,3,9,3,1,1,59
North Carolina,2003,1,2,1,4,0,3,3,0,4,0,10,0,1,0,29
North Dakota,2003,0,0,4,0,0,2,3,0,0,2,0,0,1,0,12
Ohio,2003,0,3,2,0,0,1,7,0,0,2,1,3,1,0,20
Oklahoma,2003,0,1,1,0,0,2,4,0,0,0,1,0,1,0,10
Oregon,2003,5,2,4,6,0,1,4,0,0,0,0,0,1,1,24
Pennsylvania,2003,10,3,5,6,0,1,5,0,1,0,2,0,1,0,34
Rhode Island,2003,8,9,5,9,2,3,3,0,4,0,0,0,1,1,45
South Carolina,2003,4,2,1,0,0,6,4,0,0,0,0,0,1,0,18
South Dakota,2003,0,0,1,0,0,1,3,0,0,0,0,0,1,0,6
Tennessee,2003,4,1,0,0,0,5,3,0,0,0,1,0,1,0,15
Texas,2003,0,1,1,0,0,5,3,0,4,0,3,0,1,0,18
Utah,2003,0,0,3,0,0,2,3,0,0,2,1,0,0,0,11
Vermont,2003,1,0,0,0,0,0,0,0,0,0,0,0,1,1,3
Virginia,2003,1,2,3,0,0,1,4,0,0,2,0,0,1,0,14
Washington,2003,5,0,4,0,1,2,4,0,0,0,7,0,1,0,24
West Virginia,2003,1,0,6,0,0,1,3,0,0,0,7,0,1,0,19
Wisconsin,2003,0,2,3,0,0,2,7,0,2,0,6,0,1,1,24
Wyoming,2003,0,0,0,0,0,3,4,0,0,0,0,0,1,1,9
Alabama,2004,5,0,1,0,0,0,3,0,0,0,1,0,1,0,11
Alaska,2004,0,1,1,0,0,1,0,0,0,0,0,0,1,0,4
Arizona,2004,0,0,4,0,0,1,4,0,0,0,3,0,1,0,13
Arkansas,2004,0,0,3,0,0,3,5,0,0,0,1,0,1,0,13
California,2004,14,8,7,11,3,4,6,7,7,5,17,2,1,1,93
Colorado,2004,1,0,1,4,0,2,5,0,0,2,1,0,1,0,17
Connecticut,2004,12,5,7,10,0,6,4,4,5,2,11,3,1,1,71
Delaware,2004,3,1,5,0,1,1,4,0,4,2,2,0,1,0,24
Florida,2004,1,1,1,0,1,8,3,0,3,2,1,0,1,0,22
Georgia,2004,2,0,1,0,0,4,3,0,0,0,0,0,1,0,11
Hawaii,2004,8,15,9,2,1,5,3,0,5,0,16,3,1,1,69
Idaho,2004,0,0,0,0,0,1,3,0,0,0,0,2,1,0,7
Illinois,2004,5,5,6,7,3,7,7,0,2,2,9,3,1,1,58
Indiana,2004,1,0,0,0,0,2,4,0,0,0,2,0,1,0,10
Iowa,2004,0,4,1,3,2,2,4,0,2,0,0,0,1,1,20
Kansas,2004,0,0,1,0,0,1,7,0,0,0,1,3,1,0,14
Kentucky,2004,0,0,1,0,0,1,3,0,0,0,0,0,1,0,6
Louisiana,2004,0,1,0,0,0,3,4,0,0,0,0,0,1,0,9
Maine,2004,2,0,2,0,0,1,2,0,0,0,1,0,1,0,9
Maryland,2004,7,8,6,6,2,3,5,1,7,3,4,0,1,1,54
Massachusetts,2004,14,10,8,7,6,9,5,4,11,5,17,3,1,1,101
Michigan,2004,6,6,1,3,0,2,4,0,1,0,0,0,1,0,24
Minnesota,2004,2,1,6,0,0,3,5,0,6,0,6,0,1,1,31
Mississippi,2004,0,0,1,0,0,4,3,0,0,0,0,0,1,0,9
Missouri,2004,0,3,1,3,0,1,3,0,0,0,0,0,1,0,12
Montana,2004,0,0,0,0,0,1,2,0,0,0,1,0,1,0,5
Nebraska,2004,0,3,1,2,0,3,7,0,0,1,1,3,1,1,23
Nevada,2004,0,0,3,0,1,2,3,0,0,0,0,0,1,0,10
New Hampshire,2004,1,0,0,0,0,0,1,0,3,0,5,0,1,0,11
New Jersey,2004,8,8,4,5,0,7,7,5,6,1,7,3,1,1,63
New Mexico,2004,0,0,1,0,0,3,4,0,0,0,0,0,1,1,10
New York,2004,4,7,6,5,2,6,6,4,2,3,9,3,1,1,59
North Carolina,2004,1,2,1,4,0,3,3,0,4,0,10,0,1,0,29
North Dakota,2004,0,0,4,0,0,2,3,0,0,2,0,0,1,0,12
Ohio,2004,0,3,4,0,0,1,4,0,0,2,1,2,1,0,18
Oklahoma,2004,0,1,1,0,0,2,4,0,0,0,1,0,1,0,10
Oregon,2004,5,2,4,6,0,1,4,0,0,0,0,0,1,1,24
Pennsylvania,2004,10,3,5,6,0,1,5,0,1,0,2,0,1,0,34
Rhode Island,2004,8,9,5,9,2,3,3,0,4,0,0,0,1,1,45
South Carolina,2004,4,1,1,0,0,6,4,0,0,0,0,0,1,0,17
South Dakota,2004,0,0,1,0,0,1,3,0,0,0,0,0,1,0,6
Tennessee,2004,4,1,0,0,0,5,3,0,0,0,1,0,1,0,15
Texas,2004,0,1,1,0,0,5,3,0,4,0,3,0,1,0,18
Utah,2004,0,0,3,0,0,2,3,0,0,2,1,0,0,0,11
Vermont,2004,1,0,0,0,0,0,0,0,0,0,0,0,1,1,3
Virginia,2004,0,1,3,0,0,1,4,0,0,2,0,0,1,0,12
Washington,2004,5,0,4,0,1,2,4,0,0,0,7,0,1,0,24
West Virginia,2004,1,0,6,0,0,1,3,0,0,0,7,0,1,0,19
Wisconsin,2004,0,2,3,0,0,2,7,0,2,0,6,0,1,1,24
Wyoming,2004,0,0,0,0,0,3,4,0,0,0,0,0,1,1,9
Alabama,2005,5,0,1,0,0,0,3,0,0,0,1,0,1,0,11
Alaska,2005,0,1,1,0,0,1,0,0,0,0,0,0,1,0,4
Arizona,2005,0,0,4,0,0,1,4,0,0,0,3,0,1,0,13
Arkansas,2005,0,0,3,0,0,3,5,0,0,0,1,0,1,0,13
California,2005,14,8,7,11,3,4,6,7,7,5,17,2,1,1,93
Colorado,2005,1,0,1,4,0,2,5,0,0,2,1,0,1,0,17
Connecticut,2005,12,5,8,10,0,6,4,4,5,2,11,3,1,1,72
Delaware,2005,3,1,5,0,1,1,4,0,4,2,2,0,1,0,24
Florida,2005,1,1,1,0,1,8,3,0,3,2,1,0,0,0,21
Georgia,2005,2,0,1,0,0,4,3,0,0,0,0,0,1,0,11
Hawaii,2005,8,15,9,2,1,5,3,0,5,0,16,3,1,1,69
Idaho,2005,0,0,0,0,0,1,3,0,0,0,0,2,1,0,7
Illinois,2005,5,5,6,9,3,7,7,0,2,2,9,3,1,1,60
Indiana,2005,1,0,0,0,0,2,4,0,0,0,2,0,1,0,10
Iowa,2005,0,4,1,3,2,2,4,0,2,0,0,0,1,1,20
Kansas,2005,0,0,1,0,0,1,7,0,0,0,1,0,1,0,11
Kentucky,2005,0,0,1,0,0,1,3,0,0,0,0,0,1,0,6
Louisiana,2005,0,1,0,0,0,3,4,0,0,0,0,0,1,0,9
Maine,2005,2,0,2,0,0,1,2,0,0,0,1,0,1,0,9
Maryland,2005,7,8,6,6,2,3,5,1,7,3,4,0,1,1,54
Massachusetts,2005,14,10,8,7,6,9,5,4,11,5,17,3,1,1,101
Michigan,2005,6,6,1,3,0,2,4,0,1,0,0,0,1,0,24
Minnesota,2005,2,1,6,0,0,3,5,0,6,0,6,0,1,1,31
Mississippi,2005,0,0,1,0,0,4,3,0,0,0,0,0,1,0,9
Missouri,2005,0,3,1,3,0,1,3,0,0,0,0,0,1,0,12
Montana,2005,0,0,0,0,0,1,2,0,0,0,1,0,1,0,5
Nebraska,2005,0,3,1,2,0,3,7,0,0,1,1,3,1,1,23
Nevada,2005,0,0,3,0,1,2,3,0,0,0,0,0,1,0,10
New Hampshire,2005,1,0,0,0,0,0,1,0,3,0,5,0,1,0,11
New Jersey,2005,8,8,4,5,0,7,7,5,6,1,7,3,1,1,63
New Mexico,2005,0,0,1,0,0,3,4,0,0,0,0,0,1,1,10
New York,2005,4,7,6,5,2,6,6,4,2,3,9,3,1,1,59
North Carolina,2005,1,2,1,4,0,3,3,0,4,0,10,0,1,0,29
North Dakota,2005,0,0,4,0,0,2,3,0,0,2,0,0,1,0,12
Ohio,2005,0,3,4,0,0,1,4,0,0,2,1,2,1,0,18
Oklahoma,2005,0,1,1,0,0,2,4,0,0,0,1,0,1,0,10
Oregon,2005,5,2,4,6,0,1,4,0,0,0,0,0,1,1,24
Pennsylvania,2005,10,3,5,6,0,1,5,0,1,0,2,0,1,0,34
Rhode Island,2005,8,9,5,9,2,3,3,0,4,0,0,0,1,1,45
South Carolina,2005,2,1,1,0,0,6,4,0,0,0,0,0,1,0,15
South Dakota,2005,0,0,1,0,0,1,3,0,0,0,1,0,1,0,7
Tennessee,2005,4,1,0,0,0,5,3,0,0,0,1,0,1,0,15
Texas,2005,0,1,1,0,0,5,3,0,4,0,3,0,1,0,18
Utah,2005,0,0,3,0,0,2,3,0,0,2,1,0,0,0,11
Vermont,2005,1,0,0,0,0,0,0,0,0,0,0,0,1,1,3
Virginia,2005,0,1,3,0,0,1,4,0,0,2,0,0,1,0,12
Washington,2005,5,0,4,0,1,2,4,0,0,0,7,0,1,0,24
West Virginia,2005,1,0,6,0,0,1,3,0,0,0,7,0,1,0,19
Wisconsin,2005,0,2,3,0,0,2,7,0,2,0,6,0,1,1,24
Wyoming,2005,0,0,0,0,0,3,4,0,0,0,0,0,1,1,9
Alabama,2006,5,0,1,0,0,0,4,0,0,0,1,0,0,0,11
Alaska,2006,0,1,1,0,0,1,0,0,0,0,0,0,1,0,4
Arizona,2006,0,0,4,0,0,1,4,0,0,0,3,0,1,0,13
Arkansas,2006,0,0,3,0,0,3,5,0,0,0,1,0,1,0,13
California,2006,14,8,7,11,3,4,6,7,7,5,17,2,1,1,93
Colorado,2006,1,0,1,4,0,2,5,0,0,2,1,0,1,0,17
Connecticut,2006,12,5,8,10,0,6,4,4,5,2,11,3,1,1,72
Delaware,2006,3,1,5,0,1,1,4,0,4,2,2,0,1,0,24
Florida,2006,1,1,1,0,1,8,3,0,3,2,1,0,0,0,21
Georgia,2006,2,0,1,0,0,4,4,0,0,0,0,0,0,0,11
Hawaii,2006,8,15,10,6,1,5,6,0,5,0,16,3,1,1,77
Idaho,2006,0,0,0,0,0,1,3,0,0,0,0,2,1,0,7
Illinois,2006,5,5,6,9,3,7,7,0,3,2,9,3,1,1,61
Indiana,2006,1,0,0,0,0,3,4,0,0,0,2,0,0,0,10
Iowa,2006,0,4,1,3,2,2,4,0,2,0,0,0,1,1,20
Kansas,2006,0,0,2,0,0,1,7,0,0,0,1,0,0,0,11
Kentucky,2006,0,0,1,0,0,1,5,0,0,0,0,0,0,0,7
Louisiana,2006,0,1,0,0,0,3,4,0,0,0,0,0,0,0,8
Maine,2006,2,0,2,0,0,1,2,0,0,0,1,0,1,0,9
Maryland,2006,7,8,6,6,2,3,5,1,7,3,4,0,1,1,54
Massachusetts,2006,14,10,8,7,6,9,5,4,11,5,17,3,1,1,101
Michigan,2006,6,6,1,3,0,2,4,0,1,0,0,0,0,0,23
Minnesota,2006,2,1,6,0,0,3,5,0,6,0,6,0,1,1,31
Mississippi,2006,0,0,1,0,0,4,3,0,0,0,0,0,0,0,8
Missouri,2006,0,3,1,3,0,1,3,0,0,0,0,0,1,0,12
Montana,2006,0,0,0,0,0,1,2,0,0,0,1,0,1,0,5
Nebraska,2006,0,3,1,2,0,3,7,0,0,1,1,3,1,1,23
Nevada,2006,0,0,3,0,1,2,3,0,0,0,0,0,1,0,10
New Hampshire,2006,1,0,0,0,0,0,1,0,3,0,5,0,1,0,11
New Jersey,2006,8,8,4,5,0,7,7,5,6,1,7,3,1,1,63
New Mexico,2006,0,0,1,0,0,3,4,0,0,0,0,0,1,1,10
New York,2006,4,7,6,5,2,6,6,4,2,3,9,3,1,1,59
North Carolina,2006,1,2,1,4,0,3,4,0,4,0,10,0,1,0,30
North Dakota,2006,0,0,4,0,0,2,3,0,0,2,0,0,1,0,12
Ohio,2006,0,3,4,0,0,1,4,0,0,2,1,2,1,0,18
Oklahoma,2006,0,1,1,0,0,2,4,0,0,0,1,0,0,0,9
Oregon,2006,5,2,4,6,0,1,4,0,0,0,0,0,1,1,24
Pennsylvania,2006,10,3,5,6,0,1,5,0,1,0,5,0,1,0,37
Rhode Island,2006,8,9,5,9,2,3,3,0,4,0,0,0,1,1,45
South Carolina,2006,2,1,1,0,0,6,4,0,0,0,0,0,0,0,14
South Dakota,2006,0,0,1,0,0,1,3,0,0,0,1,0,0,0,6
Tennessee,2006,4,1,0,0,0,5,3,0,0,0,1,0,1,0,15
Texas,2006,0,1,1,0,0,5,3,0,4,0,3,0,1,0,18
Utah,2006,0,0,3,0,0,2,3,0,0,2,1,0,0,0,11
Vermont,2006,1,0,0,0,0,0,0,0,0,0,0,0,1,1,3
Virginia,2006,0,1,3,0,0,1,4,0,0,2,0,0,1,0,12
Washington,2006,5,0,4,0,1,2,4,0,0,0,7,0,1,0,24
West Virginia,2006,1,0,6,0,0,1,3,0,0,0,7,0,1,0,19
Wisconsin,2006,0,2,3,0,0,2,7,0,2,0,6,0,1,1,24
Wyoming,2006,0,0,0,0,0,3,4,0,0,0,0,0,1,1,9
Alabama,2007,5,0,1,0,0,0,4,0,0,0,1,0,0,0,11
Alaska,2007,0,1,1,0,0,1,0,0,0,0,0,0,1,0,4
Arizona,2007,0,0,4,0,0,1,4,0,0,0,3,0,1,0,13
Arkansas,2007,0,0,3,0,0,3,5,0,0,0,1,0,1,0,13
California,2007,14,8,7,11,3,4,6,7,7,5,17,2,1,1,93
Colorado,2007,1,0,1,4,0,2,5,0,0,2,1,0,1,0,17
Connecticut,2007,12,6,8,10,0,6,4,4,5,2,11,3,1,1,73
Delaware,2007,3,1,5,0,1,1,4,0,4,2,3,0,1,0,25
Florida,2007,1,1,1,0,1,8,3,0,3,2,1,0,0,0,21
Georgia,2007,2,0,1,0,0,4,4,0,0,0,0,0,0,0,11
Hawaii,2007,8,15,10,6,1,5,6,0,5,0,16,3,1,1,77
Idaho,2007,0,0,0,0,0,1,3,0,0,0,0,2,1,0,7
Illinois,2007,5,5,6,9,3,7,7,0,3,2,9,3,1,1,61
Indiana,2007,1,0,0,0,0,3,4,0,0,0,2,0,0,0,10
Iowa,2007,0,4,1,3,2,2,4,0,2,0,0,0,1,1,20
Kansas,2007,0,0,2,0,0,1,3,0,0,0,1,0,0,0,7
Kentucky,2007,0,0,1,0,0,1,5,0,0,0,0,0,0,0,7
Louisiana,2007,0,1,0,0,0,3,4,0,0,0,0,0,0,0,8
Maine,2007,2,0,2,0,0,1,2,0,0,0,1,0,1,0,9
Maryland,2007,7,8,6,6,2,3,5,1,7,3,4,0,1,1,54
Massachusetts,2007,14,10,8,7,6,9,5,4,11,5,17,3,1,1,101
Michigan,2007,6,6,1,3,0,2,4,0,1,0,0,0,0,0,23
Minnesota,2007,2,1,6,0,0,3,5,0,6,0,6,0,1,1,31
Mississippi,2007,0,0,1,0,0,4,3,0,0,0,0,0,0,0,8
Missouri,2007,0,0,1,0,0,1,3,0,0,0,0,0,1,0,6
Montana,2007,0,0,0,0,0,1,2,0,0,0,1,0,1,0,5
Nebraska,2007,0,3,1,2,0,3,5,0,0,1,1,3,1,1,21
Nevada,2007,0,0,3,0,1,2,3,0,0,0,0,0,1,0,10
New Hampshire,2007,1,0,0,0,0,0,1,0,3,0,5,0,1,0,11
New Jersey,2007,8,8,4,5,0,7,7,5,6,1,7,3,1,1,63
New Mexico,2007,0,0,1,0,0,3,4,0,0,0,0,0,1,1,10
New York,2007,4,7,6,5,2,6,6,4,2,3,9,3,1,1,59
North Carolina,2007,1,2,1,4,0,3,4,0,4,0,10,0,1,0,30
North Dakota,2007,0,0,4,0,0,2,3,0,0,2,0,0,1,0,12
Ohio,2007,0,3,4,0,0,1,4,0,0,2,1,0,1,0,16
Oklahoma,2007,0,1,1,0,0,2,4,0,0,0,1,0,0,0,9
Oregon,2007,5,2,4,6,0,1,4,0,0,0,0,0,1,1,24
Pennsylvania,2007,10,3,5,6,0,1,5,0,1,0,5,0,1,0,37
Rhode Island,2007,8,9,5,9,2,3,3,0,4,0,0,0,1,1,45
South Carolina,2007,2,1,1,0,0,6,4,0,0,0,0,0,0,0,14
South Dakota,2007,0,0,1,0,0,1,3,0,0,0,1,0,0,0,6
Tennessee,2007,4,1,0,0,0,5,3,0,0,0,1,0,0,0,14
Texas,2007,0,1,1,0,0,5,3,0,4,0,3,0,0,0,17
Utah,2007,0,0,3,0,0,2,3,0,0,2,1,0,0,0,11
Vermont,2007,1,0,0,0,0,0,0,0,0,0,0,0,1,1,3
Virginia,2007,0,1,3,0,0,1,4,0,0,2,0,0,1,0,12
Washington,2007,5,0,4,0,1,2,4,0,0,0,7,0,1,0,24
West Virginia,2007,1,0,6,0,0,1,3,0,0,0,7,0,1,0,19
Wisconsin,2007,0,2,3,0,0,2,7,0,2,0,6,0,1,1,24
Wyoming,2007,0,0,0,0,0,3,4,0,0,0,0,0,1,1,9
Alabama,2008,5,0,1,0,0,0,4,0,0,0,1,0,0,0,11
Alaska,2008,0,1,1,0,0,1,0,0,0,0,0,0,1,0,4
Arizona,2008,0,0,4,0,0,1,4,0,0,0,3,0,1,0,13
Arkansas,2008,0,0,3,0,0,3,5,0,0,0,1,0,1,0,13
California,2008,14,8,7,11,3,4,6,7,7,5,17,2,1,1,93
Colorado,2008,1,0,1,4,0,2,5,0,0,2,1,0,1,0,17
Connecticut,2008,12,6,8,10,0,6,4,4,5,2,11,3,1,1,73
Delaware,2008,3,1,5,0,1,1,4,0,4,2,4,0,1,0,26
Florida,2008,1,1,1,0,1,8,3,0,3,2,1,0,0,0,21
Georgia,2008,2,0,1,0,0,4,4,0,0,0,0,0,0,0,11
Hawaii,2008,8,15,10,6,1,5,6,0,5,0,16,3,1,1,77
Idaho,2008,0,0,0,0,0,1,3,0,0,0,0,0,1,0,5
Illinois,2008,5,5,6,9,3,7,7,0,3,2,9,3,1,1,61
Indiana,2008,1,0,0,0,0,3,4,0,0,0,2,0,0,0,10
Iowa,2008,0,4,1,3,2,2,4,0,2,0,0,0,1,1,20
Kansas,2008,0,0,2,0,0,1,3,0,0,0,0,0,0,0,6
Kentucky,2008,0,0,1,0,0,1,5,0,0,0,0,0,0,0,7
Louisiana,2008,0,1,0,0,0,3,4,0,0,0,0,0,0,0,8
Maine,2008,2,0,4,0,0,1,2,0,0,0,1,0,1,0,11
Maryland,2008,7,8,6,6,2,3,5,1,7,3,4,0,1,1,54
Massachusetts,2008,14,10,8,7,6,9,5,4,11,5,17,3,1,1,101
Michigan,2008,6,6,1,3,0,2,4,0,1,0,0,0,0,0,23
Minnesota,2008,2,1,6,0,0,3,5,0,6,0,6,0,1,1,31
Mississippi,2008,0,0,1,0,0,4,3,0,0,0,0,0,0,0,8
Missouri,2008,0,0,2,0,0,1,4,0,0,0,0,0,1,0,8
Montana,2008,0,0,0,0,0,1,2,0,0,0,1,0,1,0,5
Nebraska,2008,0,3,1,2,0,3,5,0,0,1,1,3,1,1,21
Nevada,2008,0,0,3,0,1,2,3,0,0,0,0,0,1,0,10
New Hampshire,2008,1,0,0,0,0,0,1,0,3,0,5,0,1,0,11
New Jersey,2008,8,9,4,5,2,7,7,5,6,1,7,3,1,1,66
New Mexico,2008,0,0,1,0,0,3,4,0,0,0,0,0,1,1,10
New York,2008,4,7,6,5,2,6,6,4,2,3,13,3,1,1,63
North Carolina,2008,1,2,1,4,0,3,4,0,4,0,10,0,1,0,30
North Dakota,2008,0,0,4,0,0,2,3,0,0,2,0,0,1,0,12
Ohio,2008,0,3,4,0,0,1,4,0,0,2,1,0,1,0,16
Oklahoma,2008,0,1,1,0,0,2,4,0,0,0,1,0,0,0,9
Oregon,2008,5,2,4,6,0,1,4,0,0,0,0,0,1,1,24
Pennsylvania,2008,10,3,5,6,0,1,5,0,1,1,5,0,1,0,38
Rhode Island,2008,8,9,5,9,2,3,3,0,4,0,0,0,1,1,45
South Carolina,2008,2,0,1,0,0,5,4,0,0,0,0,0,0,0,12
South Dakota,2008,0,0,1,0,0,1,3,0,0,0,1,0,0,0,6
Tennessee,2008,4,1,1,0,0,5,3,0,0,0,1,0,0,0,15
Texas,2008,0,1,1,0,0,5,3,0,4,0,5,0,0,0,19
Utah,2008,0,0,3,0,0,2,3,0,0,2,1,0,0,0,11
Vermont,2008,1,0,0,0,0,0,0,0,0,0,0,0,1,1,3
Virginia,2008,0,1,4,0,0,1,4,0,0,2,0,0,1,0,13
Washington,2008,5,0,4,0,1,2,4,0,0,0,7,0,1,0,24
West Virginia,2008,1,0,6,0,0,1,3,0,0,0,7,0,0,0,18
Wisconsin,2008,0,2,3,0,0,2,7,0,2,0,6,0,1,1,24
Wyoming,2008,0,0,0,0,0,3,4,0,0,0,0,0,1,1,9
Alabama,2009,5,0,1,0,0,0,4,0,0,0,1,0,0,0,11
Alaska,2009,0,1,1,0,0,1,0,0,0,0,0,0,1,0,4
Arizona,2009,0,0,4,0,0,1,4,0,0,0,3,0,1,0,13
Arkansas,2009,0,0,3,0,0,3,5,0,0,0,1,0,1,0,13
California,2009,14,8,7,11,3,4,6,7,7,5,17,2,1,1,93
Colorado,2009,1,0,1,4,0,2,5,0,0,2,1,0,1,0,17
Connecticut,2009,12,6,8,10,0,6,4,4,5,2,11,3,1,1,73
Delaware,2009,3,1,5,0,1,1,4,0,4,2,4,0,1,0,26
Florida,2009,1,1,1,0,1,8,3,0,3,2,1,0,0,0,21
Georgia,2009,2,0,1,0,0,4,4,0,0,0,0,0,0,0,11
Hawaii,2009,8,15,10,6,1,5,6,0,5,0,16,3,1,1,77
Idaho,2009,0,0,0,0,0,1,3,0,0,0,0,0,1,0,5
Illinois,2009,5,5,6,9,3,7,7,0,3,2,9,3,1,1,61
Indiana,2009,1,0,0,0,0,3,4,0,0,0,2,0,0,0,10
Iowa,2009,0,4,1,3,2,2,4,0,2,0,0,0,1,1,20
Kansas,2009,0,0,2,0,0,1,3,0,0,0,0,0,0,0,6
Kentucky,2009,0,0,1,0,0,1,5,0,0,0,0,0,0,0,7
Louisiana,2009,0,1,0,0,0,3,4,0,0,0,0,0,0,0,8
Maine,2009,2,0,4,0,0,1,2,0,0,0,1,0,1,0,11
Maryland,2009,7,8,6,6,2,3,5,1,7,3,6,0,1,1,56
Massachusetts,2009,14,10,8,7,6,9,5,4,11,5,17,3,1,1,101
Michigan,2009,6,6,1,3,0,2,4,0,1,0,0,0,0,0,23
Minnesota,2009,2,1,6,0,0,3,5,0,6,0,6,0,1,1,31
Mississippi,2009,0,0,1,0,0,4,3,0,0,0,0,0,0,0,8
Missouri,2009,0,0,2,0,0,1,4,0,0,0,0,0,1,0,8
Montana,2009,0,0,0,0,0,1,2,0,0,0,1,0,0,0,4
Nebraska,2009,0,3,1,2,0,3,5,0,0,1,3,2,1,1,22
Nevada,2009,0,0,3,0,1,2,3,0,0,0,0,0,1,0,10
New Hampshire,2009,1,0,0,0,0,0,1,0,3,0,5,0,1,0,11
New Jersey,2009,8,9,4,5,2,7,7,5,6,1,7,3,1,1,66
New Mexico,2009,0,0,1,0,0,3,4,0,0,0,0,0,1,1,10
New York,2009,4,7,6,5,2,6,6,4,2,3,13,3,1,1,63
North Carolina,2009,1,2,1,4,0,3,4,0,4,0,10,0,1,0,30
North Dakota,2009,0,0,4,0,0,2,3,0,0,2,0,0,1,0,12
Ohio,2009,0,3,4,0,0,1,4,0,0,2,1,0,1,0,16
Oklahoma,2009,0,1,1,0,0,2,4,0,0,0,1,0,0,0,9
Oregon,2009,5,2,4,6,0,1,4,0,0,0,0,0,1,1,24
Pennsylvania,2009,10,3,5,6,0,1,5,0,1,1,5,0,1,0,38
Rhode Island,2009,8,9,5,9,2,3,3,0,4,0,0,0,1,1,45
South Carolina,2009,2,0,1,0,0,5,4,0,0,0,0,0,0,0,12
South Dakota,2009,0,0,1,0,0,1,3,0,0,0,1,0,0,0,6
Tennessee,2009,4,1,4,0,0,5,3,0,0,0,7,0,0,0,24
Texas,2009,0,1,1,0,0,5,4,0,4,0,5,0,0,0,20
Utah,2009,0,0,3,0,0,2,3,0,0,2,1,0,0,0,11
Vermont,2009,1,0,0,0,0,0,0,0,0,0,0,0,1,1,3
Virginia,2009,0,1,4,0,0,1,4,0,0,2,0,0,1,0,13
Washington,2009,5,0,4,0,1,2,4,0,0,0,7,0,1,0,24
West Virginia,2009,1,0,6,0,0,1,3,0,0,0,7,0,0,0,18
Wisconsin,2009,0,2,3,0,0,2,7,0,2,0,6,0,1,1,24
Wyoming,2009,0,0,0,0,0,3,4,0,0,0,0,0,1,1,9
Alabama,2010,5,0,1,0,0,0,4,0,0,0,1,0,0,0,11
Alaska,2010,0,1,1,0,0,1,0,0,0,0,0,0,1,0,4
Arizona,2010,0,0,4,0,0,1,0,0,0,0,3,0,0,0,8
Arkansas,2010,0,0,3,0,0,3,5,0,0,0,1,0,1,0,13
California,2010,14,8,7,11,3,4,6,7,7,5,17,2,1,1,93
Colorado,2010,1,0,1,4,0,2,5,0,0,2,1,0,1,0,17
Connecticut,2010,12,6,8,10,0,6,4,4,5,2,11,3,1,1,73
Delaware,2010,3,1,5,0,1,1,4,0,4,2,4,0,1,0,26
Florida,2010,1,1,1,0,1,8,3,0,3,2,1,0,0,0,21
Georgia,2010,2,0,1,0,0,4,4,0,0,0,0,0,0,0,11
Hawaii,2010,8,15,10,6,1,5,6,0,5,0,16,3,1,1,77
Idaho,2010,0,0,0,0,0,1,3,0,0,0,0,0,1,0,5
Illinois,2010,5,5,6,9,3,7,7,0,3,2,14,3,1,1,66
Indiana,2010,1,0,0,0,0,3,4,0,0,0,2,0,0,0,10
Iowa,2010,0,4,1,3,2,2,4,0,2,0,4,0,1,1,24
Kansas,2010,0,0,4,0,0,0,4,0,0,0,0,0,0,0,8
Kentucky,2010,0,0,1,0,0,1,5,0,0,0,0,0,0,0,7
Louisiana,2010,0,1,0,0,0,3,4,0,0,0,0,0,0,0,8
Maine,2010,2,0,4,0,0,1,2,0,0,0,1,0,1,0,11
Maryland,2010,7,8,6,6,2,3,5,1,7,3,6,0,1,1,56
Massachusetts,2010,14,10,8,7,6,9,5,4,11,5,17,3,1,1,101
Michigan,2010,6,6,1,3,0,2,4,0,1,0,0,0,0,0,23
Minnesota,2010,2,1,6,0,0,3,5,0,6,0,6,0,1,1,31
Mississippi,2010,0,0,1,0,0,4,3,0,0,0,0,0,0,0,8
Missouri,2010,0,0,2,0,0,1,4,0,0,0,0,0,1,0,8
Montana,2010,0,0,0,0,0,1,2,0,0,0,1,0,0,0,4
Nebraska,2010,0,3,1,2,0,3,5,0,0,1,3,2,1,1,22
Nevada,2010,0,0,3,0,1,2,3,0,0,0,0,0,1,0,10
New Hampshire,2010,1,0,0,0,0,0,1,0,3,0,5,0,1,0,11
New Jersey,2010,8,10,4,5,2,7,7,5,6,1,7,3,1,1,67
New Mexico,2010,0,0,1,0,0,3,4,0,0,0,0,0,1,1,10
New York,2010,4,7,6,5,2,6,6,4,2,3,13,3,1,1,63
North Carolina,2010,1,2,1,4,0,3,4,0,4,0,10,0,1,0,30
North Dakota,2010,0,0,4,0,0,2,3,0,0,2,0,0,1,0,12
Ohio,2010,0,3,4,0,0,1,4,0,0,2,1,0,1,0,16
Oklahoma,2010,0,1,1,0,0,2,4,0,0,0,1,0,0,0,9
Oregon,2010,5,2,4,6,0,1,4,0,0,0,0,0,1,1,24
Pennsylvania,2010,10,3,5,6,0,1,5,0,1,1,5,0,1,0,38
Rhode Island,2010,8,9,5,9,2,3,3,0,4,0,0,0,1,1,45
South Carolina,2010,2,0,1,0,0,5,4,0,0,0,0,0,0,0,12
South Dakota,2010,0,0,1,0,0,1,3,0,0,0,1,0,0,0,6
Tennessee,2010,4,1,4,0,0,5,3,0,0,0,7,0,0,0,24
Texas,2010,0,1,1,0,0,5,4,0,4,0,5,0,0,0,20
Utah,2010,0,0,3,0,0,2,3,0,0,2,1,0,0,0,11
Vermont,2010,1,0,0,0,0,0,0,0,0,0,0,0,1,1,3
Virginia,2010,0,1,4,0,0,1,4,0,0,2,0,0,1,0,13
Washington,2010,5,0,4,0,1,2,4,0,0,0,7,0,1,0,24
West Virginia,2010,1,2,6,0,2,1,3,0,0,0,7,0,0,0,22
Wisconsin,2010,0,2,5,0,0,2,7,0,2,0,6,0,1,1,26
Wyoming,2010,0,0,1,0,0,3,4,0,0,0,0,0,1,1,10
Alabama,2011,5,0,1,0,0,0,4,0,0,0,1,0,0,0,11
Alaska,2011,0,1,1,0,0,1,0,0,0,0,0,0,1,0,4
Arizona,2011,0,0,4,0,0,1,0,0,0,0,3,0,0,0,8
Arkansas,2011,0,0,3,0,0,3,5,0,0,0,1,0,1,0,13
California,2011,14,8,7,11,4,4,6,7,7,5,17,2,1,1,94
Colorado,2011,1,0,1,4,0,2,5,0,0,2,1,0,1,0,17
Connecticut,2011,12,6,8,10,0,6,4,4,5,2,11,3,1,1,73
Delaware,2011,3,1,5,0,1,1,4,0,4,2,4,0,1,0,26
Florida,2011,1,1,1,0,1,8,3,0,3,2,1,0,0,0,21
Georgia,2011,2,0,1,0,0,4,4,0,0,0,0,0,0,0,11
Hawaii,2011,8,15,10,6,1,5,6,0,5,0,16,3,1,1,77
Idaho,2011,0,0,0,0,0,1,3,0,0,0,0,0,1,0,5
Illinois,2011,5,5,6,9,3,7,7,0,3,2,14,3,1,1,66
Indiana,2011,1,0,0,0,0,3,4,0,0,0,2,0,0,0,10
Iowa,2011,0,4,1,3,2,2,5,0,2,0,4,0,1,1,25
Kansas,2011,0,0,4,0,0,0,4,0,0,0,0,0,0,0,8
Kentucky,2011,0,0,1,0,0,1,5,0,0,0,0,0,0,0,7
Louisiana,2011,0,1,0,0,0,3,4,0,0,0,0,0,0,0,8
Maine,2011,2,0,4,0,0,1,2,0,0,0,1,0,1,0,11
Maryland,2011,7,8,7,6,2,3,5,1,7,3,6,0,1,1,57
Massachusetts,2011,14,10,8,7,6,9,5,4,11,5,17,3,1,1,101
Michigan,2011,6,6,1,3,0,2,4,0,1,0,0,0,0,0,23
Minnesota,2011,2,1,6,0,0,3,5,0,6,0,6,0,1,1,31
Mississippi,2011,0,0,1,0,0,2,3,0,0,0,0,0,0,0,6
Missouri,2011,0,0,2,0,0,1,4,0,0,0,0,0,1,0,8
Montana,2011,0,0,0,0,0,1,2,0,0,0,1,0,0,0,4
Nebraska,2011,0,3,1,2,0,3,5,0,0,1,3,2,1,1,22
Nevada,2011,0,0,3,0,1,2,5,0,0,0,0,0,0,0,11
New Hampshire,2011,1,0,0,0,0,0,1,0,3,0,5,0,0,0,10
New Jersey,2011,8,10,4,5,2,7,7,5,6,1,7,3,1,1,67
New Mexico,2011,0,0,1,0,0,3,4,0,0,0,0,0,1,1,10
New York,2011,4,7,6,5,2,6,6,4,2,3,13,3,1,1,63
North Carolina,2011,1,2,1,4,0,3,4,0,4,0,10,0,0,0,29
North Dakota,2011,0,0,5,0,0,2,3,0,0,2,0,0,1,0,13
Ohio,2011,0,3,3,0,0,1,4,0,0,2,1,0,1,0,15
Oklahoma,2011,0,1,1,0,0,2,4,0,0,0,1,0,0,0,9
Oregon,2011,5,2,4,6,0,1,4,0,0,0,0,0,1,1,24
Pennsylvania,2011,10,3,5,6,0,1,5,0,1,1,5,0,0,0,37
Rhode Island,2011,8,9,5,9,2,3,3,0,4,0,0,0,1,1,45
South Carolina,2011,2,0,1,0,0,5,4,0,0,0,0,0,0,0,12
South Dakota,2011,0,0,1,0,0,1,3,0,0,0,1,0,0,0,6
Tennessee,2011,4,1,4,0,0,5,3,0,0,0,7,0,0,0,24
Texas,2011,0,1,1,0,0,5,4,0,4,0,5,0,0,0,20
Utah,2011,0,0,3,0,0,2,3,0,0,2,1,0,0,0,11
Vermont,2011,1,0,0,0,0,0,0,0,0,0,0,0,1,1,3
Virginia,2011,0,1,4,0,0,1,4,0,0,2,0,0,1,0,13
Washington,2011,5,0,4,0,1,2,5,0,0,0,7,0,1,0,25
West Virginia,2011,1,2,6,0,2,1,3,0,0,0,7,0,0,0,22
Wisconsin,2011,0,2,5,0,0,2,5,0,2,0,6,0,1,1,24
Wyoming,2011,0,0,1,0,0,3,0,0,0,0,0,0,1,1,6
Alabama,2012,5,0,1,0,0,0,4,0,0,0,0,0,0,0,10
Alaska,2012,0,1,1,0,0,1,0,0,0,0,0,0,1,0,4
Arizona,2012,0,0,4,0,0,1,0,0,0,0,3,0,0,0,8
Arkansas,2012,0,0,3,0,0,3,5,0,0,0,1,0,1,0,13
California,2012,14,9,7,11,4,4,6,7,7,5,17,2,1,1,95
Colorado,2012,1,0,1,4,0,2,5,0,0,2,1,0,1,0,17
Connecticut,2012,12,6,8,10,0,6,4,4,5,2,11,3,1,1,73
Delaware,2012,3,1,5,0,1,1,4,0,4,2,4,0,1,0,26
Florida,2012,1,1,1,0,1,8,3,0,3,2,1,0,0,0,21
Georgia,2012,2,0,1,0,0,4,4,0,0,0,0,0,0,0,11
Hawaii,2012,8,15,10,6,1,5,6,0,5,0,17,3,1,1,78
Idaho,2012,0,0,0,0,0,1,3,0,0,0,0,0,1,0,5
Illinois,2012,5,5,6,9,3,7,7,0,3,2,14,3,1,1,66
Indiana,2012,1,0,0,0,0,3,4,0,0,0,2,0,0,0,10
Iowa,2012,0,4,1,3,2,2,5,0,2,0,4,0,1,1,25
Kansas,2012,0,0,4,0,0,0,4,0,0,0,0,0,0,0,8
Kentucky,2012,0,0,1,0,0,1,5,0,0,0,0,0,0,0,7
Louisiana,2012,0,1,0,0,0,3,4,0,0,0,0,0,0,0,8
Maine,2012,2,0,4,0,0,1,2,0,0,0,1,0,1,0,11
Maryland,2012,7,8,7,6,2,3,5,1,7,3,6,0,1,1,57
Massachusetts,2012,14,10,8,7,6,9,5,4,11,5,17,3,1,1,101
Michigan,2012,6,3,1,3,0,2,4,0,1,0,0,0,0,0,20
Minnesota,2012,2,1,6,0,0,3,5,0,6,0,6,0,1,1,31
Mississippi,2012,0,0,1,0,0,2,3,0,0,0,0,0,0,0,6
Missouri,2012,0,0,2,0,0,1,4,0,0,0,0,0,1,0,8
Montana,2012,0,0,0,0,0,1,2,0,0,0,1,0,0,0,4
Nebraska,2012,0,3,1,2,0,3,5,0,0,1,3,2,1,1,22
Nevada,2012,0,0,3,0,1,2,5,0,0,0,0,0,0,0,11
New Hampshire,2012,1,0,0,0,0,0,1,0,3,0,5,0,0,0,10
New Jersey,2012,8,10,4,5,2,7,7,5,6,1,7,3,1,1,67
New Mexico,2012,0,0,1,0,0,3,4,0,0,0,0,0,1,1,10
New York,2012,4,7,6,5,2,6,6,4,2,2,13,3,1,1,62
North Carolina,2012,1,2,1,4,0,3,4,0,4,0,10,0,0,0,29
North Dakota,2012,0,0,5,0,0,2,3,0,0,2,0,0,1,0,13
Ohio,2012,0,3,3,0,0,1,4,0,0,2,1,0,1,0,15
Oklahoma,2012,0,1,1,0,0,3,4,0,0,0,1,0,0,0,10
Oregon,2012,5,2,4,6,0,1,4,0,0,0,0,0,1,1,24
Pennsylvania,2012,10,3,5,6,0,1,5,0,1,1,5,0,0,0,37
Rhode Island,2012,8,9,5,9,2,3,3,0,4,0,0,0,1,1,45
South Carolina,2012,0,0,1,0,0,5,4,0,0,0,0,0,0,0,10
South Dakota,2012,0,0,1,0,0,1,3,0,0,0,1,0,0,0,6
Tennessee,2012,4,1,4,0,0,5,3,0,0,0,7,0,0,0,24
Texas,2012,0,1,1,0,0,5,4,0,4,0,5,0,0,0,20
Utah,2012,0,0,3,0,0,2,3,0,0,2,1,0,0,0,11
Vermont,2012,1,0,0,0,0,0,0,0,0,0,0,0,1,1,3
Virginia,2012,0,0,4,0,0,1,4,0,0,2,0,0,1,0,12
Washington,2012,5,0,4,0,1,2,5,0,0,0,7,0,1,0,25
West Virginia,2012,1,2,6,0,2,1,5,0,0,0,7,0,0,0,24
Wisconsin,2012,0,2,5,0,0,2,5,0,2,0,6,0,1,1,24
Wyoming,2012,0,0,1,0,0,3,0,0,0,0,0,0,1,1,6
Alabama,2013,5,0,1,0,0,0,4,0,0,0,0,0,0,0,10
Alaska,2013,0,1,1,0,0,1,0,0,0,0,0,0,0,0,3
Arizona,2013,0,0,4,0,0,1,0,0,0,0,3,0,0,0,8
Arkansas,2013,0,0,3,0,0,2,5,0,0,0,0,0,1,0,11
California,2013,14,9,7,11,4,4,6,7,9,6,18,2,1,1,99
Colorado,2013,2,0,1,9,0,2,5,1,0,2,7,0,1,0,30
Connecticut,2013,12,7,9,10,5,7,4,7,5,2,11,3,1,1,84
Delaware,2013,5,2,5,8,1,1,4,0,4,2,4,0,1,0,37
Florida,2013,1,1,1,0,1,8,3,0,3,2,1,0,0,0,21
Georgia,2013,2,0,1,0,0,4,4,0,0,0,0,0,0,0,11
Hawaii,2013,8,15,10,6,1,5,6,0,5,0,17,3,1,1,78
Idaho,2013,0,0,0,0,0,1,3,0,0,0,0,0,1,0,5
Illinois,2013,5,6,7,9,3,6,5,0,3,2,16,1,1,1,65
Indiana,2013,1,0,0,0,0,3,4,0,0,0,2,0,0,0,10
Iowa,2013,0,4,1,3,2,2,5,0,2,0,4,0,1,1,25
Kansas,2013,0,0,4,0,0,0,4,0,0,0,0,0,0,0,8
Kentucky,2013,0,0,1,0,0,1,5,0,0,0,0,0,0,0,7
Louisiana,2013,0,1,0,0,0,3,4,0,0,0,0,0,0,0,8
Maine,2013,2,0,4,0,0,1,2,0,0,0,1,0,1,0,11
Maryland,2013,7,9,7,6,3,3,5,5,7,3,6,0,1,1,63
Massachusetts,2013,14,10,8,7,6,9,5,4,11,5,17,3,1,1,101
Michigan,2013,6,3,1,3,0,2,4,0,1,0,0,0,0,0,20
Minnesota,2013,2,1,6,0,0,3,5,0,6,0,6,0,1,1,31
Mississippi,2013,0,0,1,0,0,1,3,0,0,0,0,0,0,0,5
Missouri,2013,0,0,2,0,0,1,4,0,0,0,0,0,1,0,8
Montana,2013,0,0,0,0,0,1,2,0,0,0,1,0,0,0,4
Nebraska,2013,0,3,1,2,0,3,5,0,0,1,3,2,1,1,22
Nevada,2013,0,0,3,0,1,2,5,0,0,0,0,0,0,0,11
New Hampshire,2013,1,0,0,0,0,0,1,0,3,0,5,0,0,0,10
New Jersey,2013,8,10,4,5,2,7,7,5,6,1,7,3,1,1,67
New Mexico,2013,0,0,1,0,0,3,4,0,0,0,0,0,1,1,10
New York,2013,5,7,7,8,2,6,6,8,2,2,13,3,1,1,71
North Carolina,2013,1,2,1,4,0,3,5,0,4,0,10,0,0,0,30
North Dakota,2013,0,0,5,0,0,2,4,0,0,2,0,0,1,0,14
Ohio,2013,0,3,3,0,0,1,4,0,0,2,1,0,1,0,15
Oklahoma,2013,0,1,1,0,0,2,4,0,0,0,1,0,0,0,9
Oregon,2013,5,2,4,6,0,1,4,0,0,0,0,0,1,1,24
Pennsylvania,2013,10,3,5,6,0,1,5,0,1,1,5,0,0,0,37
Rhode Island,2013,8,9,5,9,2,3,3,0,4,0,0,0,1,1,45
South Carolina,2013,0,0,3,0,0,5,4,0,0,0,0,0,0,0,12
South Dakota,2013,0,0,1,0,0,0,3,0,0,0,1,0,0,0,5
Tennessee,2013,4,1,4,0,0,5,3,0,0,0,7,0,0,0,24
Texas,2013,0,1,1,0,0,5,4,0,4,0,5,0,0,0,20
Utah,2013,0,0,3,0,0,2,3,0,0,2,1,0,0,0,11
Vermont,2013,1,0,0,0,0,0,0,0,0,0,0,0,1,1,3
Virginia,2013,0,0,4,0,0,1,4,0,0,2,0,0,1,0,12
Washington,2013,5,0,4,0,1,2,5,0,0,0,7,0,1,0,25
West Virginia,2013,1,2,6,0,2,1,5,0,0,0,7,0,0,0,24
Wisconsin,2013,0,2,5,0,0,2,5,0,2,0,6,0,1,1,24
Wyoming,2013,0,0,1,0,0,3,0,0,0,0,0,0,1,1,6
Alabama,2014,5,0,1,0,0,0,4,0,0,0,0,0,0,0,10
Alaska,2014,0,1,1,0,0,1,0,0,0,0,0,0,0,0,3
Arizona,2014,0,0,4,0,0,1,0,0,0,0,3,0,0,0,8
Arkansas,2014,0,0,3,0,0,2,5,0,0,0,0,0,1,0,11
California,2014,14,10,7,11,4,4,6,7,9,6,18,2,1,1,100
Colorado,2014,2,0,1,9,0,2,5,1,0,2,7,0,1,0,30
Connecticut,2014,12,8,9,10,5,7,4,7,5,2,11,3,1,1,85
Delaware,2014,5,2,6,8,1,1,4,0,4,2,4,0,1,0,38
Florida,2014,1,1,1,0,1,8,3,0,3,2,1,0,0,0,21
Georgia,2014,0,0,1,0,0,1,4,0,0,0,0,0,0,0,6
Hawaii,2014,8,15,10,6,1,5,6,0,5,0,17,3,1,1,78
Idaho,2014,0,0,0,0,0,1,3,0,0,0,0,0,1,0,5
Illinois,2014,5,6,7,9,3,6,5,0,3,2,16,1,1,1,65
Indiana,2014,1,0,0,0,0,3,4,0,0,1,2,0,0,0,11
Iowa,2014,0,4,1,3,2,2,5,0,2,0,4,0,1,1,25
Kansas,2014,0,0,4,0,0,0,4,0,0,0,0,0,0,0,8
Kentucky,2014,0,0,1,0,0,1,5,0,0,0,0,0,0,0,7
Louisiana,2014,0,1,0,0,0,3,5,0,0,0,3,0,0,0,12
Maine,2014,2,0,4,0,0,1,2,0,0,0,1,0,1,0,11
Maryland,2014,7,9,7,6,3,3,5,5,7,3,6,0,1,1,63
Massachusetts,2014,14,10,8,7,6,9,5,4,11,5,17,3,1,1,101
Michigan,2014,6,3,1,3,0,2,4,0,1,0,0,0,0,0,20
Minnesota,2014,2,1,6,0,0,3,5,0,6,0,14,0,1,1,39
Mississippi,2014,0,0,1,0,0,1,3,0,0,0,0,0,0,0,5
Missouri,2014,0,0,2,0,0,0,5,0,0,0,0,0,1,0,8
Montana,2014,0,0,0,0,0,1,2,0,0,0,1,0,0,0,4
Nebraska,2014,0,3,1,2,0,3,5,0,0,1,3,2,1,1,22
Nevada,2014,0,0,3,0,1,2,5,0,0,0,0,0,0,0,11
New Hampshire,2014,1,0,0,0,0,0,1,0,3,0,5,0,0,0,10
New Jersey,2014,8,10,4,5,2,7,7,5,6,1,7,3,1,1,67
New Mexico,2014,0,0,1,0,0,3,4,0,0,0,0,0,1,1,10
New York,2014,5,7,7,8,2,6,6,8,2,2,16,3,1,1,74
North Carolina,2014,1,2,1,4,0,3,5,0,4,0,10,0,0,0,30
North Dakota,2014,0,0,5,0,0,2,4,0,0,2,0,0,1,0,14
Ohio,2014,0,3,3,0,0,1,4,0,0,2,1,0,1,0,15
Oklahoma,2014,0,1,1,0,0,2,4,0,0,0,1,0,0,0,9
Oregon,2014,5,2,4,6,0,1,4,0,0,0,0,0,1,1,24
Pennsylvania,2014,10,3,5,6,0,1,5,0,1,1,5,0,0,0,37
Rhode Island,2014,8,9,3,9,2,3,3,0,4,0,0,0,1,1,43
South Carolina,2014,0,0,3,0,0,5,4,0,0,0,0,0,0,0,12
South Dakota,2014,0,0,1,0,0,0,3,0,0,0,1,0,0,0,5
Tennessee,2014,4,1,4,0,0,5,3,0,0,0,7,0,0,0,24
Texas,2014,0,1,1,0,0,5,4,0,4,0,5,0,0,0,20
Utah,2014,0,0,3,0,0,2,3,0,0,2,1,0,0,0,11
Vermont,2014,1,0,0,0,0,0,0,0,0,0,0,0,1,1,3
Virginia,2014,0,0,4,0,0,1,4,0,0,2,0,0,1,0,12
Washington,2014,7,3,4,11,1,2,5,0,0,0,7,0,1,0,41
West Virginia,2014,1,2,6,0,2,1,5,0,0,0,7,0,0,0,24
Wisconsin,2014,0,2,5,0,0,2,5,0,2,0,6,0,1,1,24
Wyoming,2014,0,0,1,0,0,3,0,0,0,0,0,0,1,1,6
Alabama,2015,1,0,3,0,0,0,4,0,0,0,2,0,0,0,10
Alaska,2015,0,1,1,0,0,1,0,0,0,0,0,0,0,0,3
Arizona,2015,0,0,4,0,0,1,0,0,0,0,3,0,0,0,8
Arkansas,2015,0,0,3,0,0,2,5,0,0,0,0,0,1,0,11
California,2015,14,11,7,11,4,5,6,7,9,6,18,2,1,1,102
Colorado,2015,2,0,1,9,0,2,5,1,0,2,7,0,1,0,30
Connecticut,2015,12,8,9,10,5,7,4,7,5,2,11,3,1,1,85
Delaware,2015,5,2,6,8,1,1,4,0,4,2,4,0,1,0,38
Florida,2015,1,1,1,0,1,8,3,0,3,2,1,0,0,0,21
Georgia,2015,0,0,1,0,0,1,4,0,0,0,0,0,0,0,6
Hawaii,2015,8,15,10,6,1,5,6,0,5,0,17,3,1,1,78
Idaho,2015,0,0,0,0,0,1,4,0,0,0,0,0,1,0,6
Illinois,2015,5,6,7,9,3,6,5,0,3,2,16,1,1,1,65
Indiana,2015,1,0,0,0,0,3,4,0,0,1,2,0,0,0,11
Iowa,2015,0,4,1,3,2,2,5,0,2,0,4,0,1,1,25
Kansas,2015,0,0,4,0,0,0,0,0,0,0,0,0,0,0,4
Kentucky,2015,0,0,1,0,0,1,5,0,0,0,0,0,0,0,7
Louisiana,2015,0,1,0,0,0,3,5,0,0,0,3,0,0,0,12
Maine,2015,2,0,4,0,0,1,0,0,0,0,3,0,1,0,11
Maryland,2015,7,9,7,6,3,3,5,5,7,2,8,0,1,1,64
Massachusetts,2015,14,10,8,7,6,9,5,4,11,5,17,3,1,1,101
Michigan,2015,6,3,1,3,0,2,5,0,1,0,0,0,0,0,21
Minnesota,2015,2,1,6,0,0,3,5,0,6,2,14,0,1,1,41
Mississippi,2015,0,0,1,0,0,1,0,0,0,0,0,0,0,0,2
Missouri,2015,0,0,2,0,0,0,5,0,0,0,0,0,1,0,8
Montana,2015,0,0,0,0,0,1,2,0,0,0,1,0,0,0,4
Nebraska,2015,0,3,1,2,0,3,5,0,0,1,3,2,1,1,22
Nevada,2015,0,0,5,0,1,2,5,0,0,0,2,0,0,0,15
New Hampshire,2015,1,0,0,0,0,0,1,0,3,0,5,0,0,0,10
New Jersey,2015,8,10,4,5,2,7,7,5,6,1,7,3,1,1,67
New Mexico,2015,0,0,1,0,0,3,4,0,0,0,0,0,1,1,10
New York,2015,5,7,7,8,2,6,6,8,2,2,16,3,1,1,74
North Carolina,2015,1,2,1,4,0,3,5,0,4,0,10,0,0,0,30
North Dakota,2015,0,0,5,0,0,2,4,0,0,2,0,0,1,0,14
Ohio,2015,0,3,3,0,0,1,5,0,0,2,1,0,1,0,16
Oklahoma,2015,0,1,1,0,0,2,4,0,0,0,1,0,0,0,9
Oregon,2015,9,2,5,10,0,1,4,0,0,0,0,0,1,1,33
Pennsylvania,2015,10,3,5,6,0,1,5,0,1,1,5,0,0,0,37
Rhode Island,2015,8,9,3,9,2,3,3,0,4,0,0,0,1,1,43
South Carolina,2015,0,0,3,0,0,5,4,0,0,0,0,0,0,0,12
South Dakota,2015,0,0,1,0,0,0,3,0,0,0,1,0,0,0,5
Tennessee,2015,4,1,4,0,0,5,3,0,0,0,7,0,0,0,24
Texas,2015,0,1,1,0,0,5,4,0,4,0,5,0,0,0,20
Utah,2015,0,0,3,0,0,2,3,0,0,2,1,0,0,0,11
Vermont,2015,1,0,0,0,0,0,0,0,0,0,3,0,1,1,6
Virginia,2015,0,0,4,0,0,1,4,0,0,2,0,0,1,0,12
Washington,2015,7,3,4,11,1,2,5,0,0,0,7,0,1,0,41
West Virginia,2015,1,2,6,0,2,1,5,0,0,0,7,0,0,0,24
Wisconsin,2015,0,1,5,0,0,2,5,0,2,0,6,0,1,1,23
Wyoming,2015,0,0,1,0,0,3,0,0,0,0,0,0,1,1,6
Alabama,2016,1,0,3,0,0,0,4,0,0,0,2,0,0,0,10
Alaska,2016,0,1,1,0,0,1,0,0,0,0,0,0,0,0,3
Arizona,2016,0,0,4,0,0,1,0,0,0,0,3,0,0,0,8
Arkansas,2016,0,0,3,0,0,2,5,0,0,0,0,0,1,0,11
California,2016,14,11,7,11,4,7,6,7,9,6,18,2,1,1,104
Colorado,2016,2,0,1,9,0,2,5,1,0,2,7,0,1,0,30
Connecticut,2016,12,8,9,10,5,7,4,7,5,2,16,3,1,1,90
Delaware,2016,5,2,6,9,1,1,4,0,4,2,4,0,1,0,39
Florida,2016,1,1,1,0,1,8,3,0,3,2,1,0,0,0,21
Georgia,2016,0,0,1,0,0,1,4,0,0,0,0,0,0,0,6
Hawaii,2016,8,15,10,6,1,5,6,0,5,0,18,3,1,1,79
Idaho,2016,0,0,0,0,0,1,0,0,0,0,0,0,1,0,2
Illinois,2016,5,6,7,9,3,6,5,0,3,2,16,1,1,1,65
Indiana,2016,1,0,0,0,0,3,4,0,0,1,3,0,0,0,12
Iowa,2016,0,4,1,3,2,2,5,0,2,0,4,0,1,1,25
Kansas,2016,0,0,4,0,0,0,0,0,0,0,0,0,0,0,4
Kentucky,2016,0,0,1,0,0,1,5,0,0,0,0,0,0,0,7
Louisiana,2016,0,1,0,0,0,3,5,0,0,0,3,0,0,0,12
Maine,2016,2,0,4,0,0,1,0,0,0,0,3,0,1,0,11
Maryland,2016,7,9,7,6,3,3,5,5,7,2,8,0,1,1,64
Massachusetts,2016,14,10,8,7,6,9,5,4,11,5,17,3,1,1,101
Michigan,2016,6,3,1,3,0,2,5,0,1,0,0,0,0,0,21
Minnesota,2016,2,1,6,0,0,3,5,0,6,2,14,0,1,1,41
Mississippi,2016,0,0,1,0,0,1,0,0,0,0,0,0,0,0,2
Missouri,2016,0,0,2,0,0,0,5,0,0,0,0,0,0,0,7
Montana,2016,0,0,0,0,0,1,2,0,0,0,1,0,0,0,4
Nebraska,2016,0,3,1,2,0,3,5,0,0,1,3,2,1,1,22
Nevada,2016,0,0,5,0,1,2,5,0,0,0,2,0,0,0,15
New Hampshire,2016,1,0,0,0,0,0,1,0,3,0,5,0,0,0,10
New Jersey,2016,8,10,4,5,2,7,7,5,6,1,7,3,1,1,67
New Mexico,2016,0,0,1,0,0,3,4,0,0,0,0,0,1,1,10
New York,2016,5,7,7,8,2,6,6,8,2,2,16,3,1,1,74
North Carolina,2016,1,2,1,4,0,3,5,0,4,0,10,0,0,0,30
North Dakota,2016,0,0,5,0,0,2,4,0,0,2,0,0,1,0,14
Ohio,2016,0,3,3,0,0,1,5,0,0,2,1,0,1,0,16
Oklahoma,2016,0,1,1,0,0,2,4,0,0,0,1,0,0,0,9
Oregon,2016,9,2,5,10,0,1,4,0,0,0,2,0,1,1,35
Pennsylvania,2016,10,3,5,6,0,1,5,0,1,1,5,0,0,0,37
Rhode Island,2016,8,9,3,9,2,3,3,0,4,0,0,0,1,1,43
South Carolina,2016,0,0,3,0,0,5,4,0,0,0,0,0,0,0,12
South Dakota,2016,0,0,1,0,0,0,3,0,0,0,1,0,0,0,5
Tennessee,2016,4,1,4,0,0,3,3,0,0,0,7,0,0,0,22
Texas,2016,0,1,1,0,0,3,4,0,4,0,5,0,0,0,18
Utah,2016,0,0,3,0,0,2,3,0,0,2,1,0,0,0,11
Vermont,2016,1,0,0,0,0,0,0,0,0,0,3,0,1,1,6
Virginia,2016,0,0,4,0,0,1,4,0,0,2,1,0,1,0,13
Washington,2016,7,3,4,11,1,4,5,0,0,0,7,0,1,0,43
West Virginia,2016,1,2,6,0,2,0,0,0,0,0,7,0,0,0,18
Wisconsin,2016,0,1,5,0,0,2,5,0,2,0,6,0,1,1,23
Wyoming,2016,0,0,1,0,0,3,0,0,0,0,0,0,1,1,6
Alabama,2017,1,0,3,0,0,0,4,0,0,0,2,0,0,0,10
Alaska,2017,0,1,1,0,0,1,0,0,0,0,0,0,0,0,3
Arizona,2017,0,0,4,0,0,1,0,0,0,0,3,0,0,0,8
Arkansas,2017,0,0,3,0,0,2,5,0,0,0,0,0,1,0,11
California,2017,14,12,7,11,4,7,6,8,9,6,18,2,1,1,106
Colorado,2017,2,0,1,9,0,2,5,1,0,2,7,0,1,0,30
Connecticut,2017,12,8,9,10,5,7,4,7,5,2,16,3,1,1,90
Delaware,2017,5,2,6,9,1,1,4,0,4,2,5,0,1,0,40
Florida,2017,1,1,1,0,1,8,3,0,3,2,1,0,0,0,21
Georgia,2017,0,0,1,0,0,1,4,0,0,0,0,0,0,0,6
Hawaii,2017,8,15,10,6,1,5,6,0,5,0,18,3,1,1,79
Idaho,2017,0,0,0,0,0,1,0,0,0,0,0,0,1,0,2
Illinois,2017,5,6,7,9,3,6,5,0,3,2,16,1,1,1,65
Indiana,2017,1,0,0,0,0,3,4,0,0,1,3,0,0,0,12
Iowa,2017,0,4,1,3,2,2,5,0,2,0,4,0,0,1,24
Kansas,2017,0,0,4,0,0,0,0,0,0,0,0,0,0,0,4
Kentucky,2017,0,0,1,0,0,1,5,0,0,0,0,0,0,0,7
Louisiana,2017,0,1,0,0,0,3,5,0,0,0,4,0,0,0,13
Maine,2017,2,0,4,0,0,1,0,0,0,0,3,0,1,0,11
Maryland,2017,7,9,7,6,3,3,5,5,7,2,8,0,1,1,64
Massachusetts,2017,14,10,8,7,6,9,5,4,11,5,17,3,1,1,101
Michigan,2017,6,3,1,3,0,2,5,0,1,0,0,0,0,0,21
Minnesota,2017,2,1,6,0,0,3,5,0,6,2,14,0,1,1,41
Mississippi,2017,0,0,1,0,0,1,0,0,0,0,0,0,0,0,2
Missouri,2017,0,0,2,0,0,0,0,0,0,0,0,0,0,0,2
Montana,2017,0,0,0,0,0,1,2,0,0,0,1,0,0,0,4
Nebraska,2017,0,3,1,2,0,3,5,0,0,1,3,2,1,1,22
Nevada,2017,0,0,5,6,1,2,5,0,0,0,2,0,0,0,21
New Hampshire,2017,1,0,0,0,0,0,0,0,3,0,5,0,0,0,9
New Jersey,2017,8,10,4,5,2,7,7,5,6,1,15,3,1,1,75
New Mexico,2017,0,0,1,0,0,3,4,0,0,0,0,0,1,1,10
New York,2017,5,7,7,8,2,6,6,8,2,2,16,3,1,1,74
North Carolina,2017,1,2,1,4,0,3,5,0,4,0,10,0,0,0,30
North Dakota,2017,0,0,5,0,0,2,0,0,0,2,0,0,1,0,10
Ohio,2017,0,3,3,0,0,1,5,0,0,2,1,0,1,0,16
Oklahoma,2017,0,1,1,0,0,2,4,0,0,0,1,0,0,0,9
Oregon,2017,9,2,5,10,0,1,4,0,0,0,2,0,1,1,35
Pennsylvania,2017,10,3,5,6,0,1,5,0,1,1,5,0,0,0,37
Rhode Island,2017,8,9,3,9,2,3,3,0,4,0,10,0,1,1,53
South Carolina,2017,0,0,3,0,0,5,4,0,0,0,0,0,0,0,12
South Dakota,2017,0,0,1,0,0,0,3,0,0,0,1,0,0,0,5
Tennessee,2017,4,1,4,0,0,3,3,0,0,0,7,0,0,0,22
Texas,2017,0,1,1,0,0,3,4,0,4,0,5,0,0,0,18
Utah,2017,0,0,3,0,0,2,3,0,0,2,3,0,0,0,13
Vermont,2017,1,0,0,0,0,0,0,0,0,0,3,0,1,1,6
Virginia,2017,0,0,4,0,0,1,4,0,0,2,1,0,1,0,13
Washington,2017,7,3,4,11,1,4,5,0,0,0,7,0,1,0,43
West Virginia,2017,1,2,6,0,2,0,0,0,0,0,7,0,0,0,18
Wisconsin,2017,0,1,5,0,0,2,5,0,2,0,6,0,1,1,23
Wyoming,2017,0,0,1,0,0,3,0,0,0,0,0,0,1,1,6
Alabama,2018,1,0,3,0,0,0,4,0,0,0,2,0,0,0,10
Alaska,2018,0,1,1,0,0,1,0,0,0,0,0,0,0,0,3
Arizona,2018,0,0,4,0,0,1,0,0,0,0,3,0,0,0,8
Arkansas,2018,0,0,3,0,0,2,5,0,0,0,0,0,1,0,11
California,2018,14,12,8,11,5,8,6,8,9,6,18,2,1,1,109
Colorado,2018,2,0,1,9,0,2,5,1,0,2,7,0,1,0,30
Connecticut,2018,12,8,9,10,5,7,4,7,5,2,16,3,1,1,90
Delaware,2018,5,2,6,9,1,3,4,0,4,2,5,0,1,0,42
Florida,2018,2,6,2,1,1,9,3,0,3,2,1,0,0,0,30
Georgia,2018,0,0,1,0,0,1,4,0,0,0,0,0,0,0,6
Hawaii,2018,8,15,10,6,1,5,6,0,5,0,18,3,1,1,79
Idaho,2018,0,0,0,0,0,1,0,0,0,0,0,0,0,0,1
Illinois,2018,5,6,7,9,3,6,5,0,3,2,16,1,1,1,65
Indiana,2018,1,0,0,0,0,3,4,0,0,1,3,0,0,0,12
Iowa,2018,0,4,1,3,2,2,5,0,2,0,4,0,0,1,24
Kansas,2018,0,0,4,0,0,0,0,0,0,0,3,0,0,0,7
Kentucky,2018,0,0,1,0,0,1,5,0,0,0,0,0,0,0,7
Louisiana,2018,0,1,1,0,0,3,5,0,0,0,9,0,0,0,19
Maine,2018,2,0,4,0,0,1,0,0,0,0,3,0,1,0,11
Maryland,2018,7,9,7,6,3,5,5,5,7,2,11,0,1,1,69
Massachusetts,2018,14,10,8,7,6,11,5,4,11,5,17,3,1,1,103
Michigan,2018,6,3,1,3,0,2,5,0,1,0,0,0,0,0,21
Minnesota,2018,2,1,6,0,0,3,5,0,6,2,14,0,1,1,41
Mississippi,2018,0,0,1,0,0,1,0,0,0,0,0,0,0,0,2
Missouri,2018,0,0,2,0,0,0,0,0,0,0,0,0,0,0,2
Montana,2018,0,0,0,0,0,1,2,0,0,0,1,0,0,0,4
Nebraska,2018,0,3,1,2,0,3,5,0,0,1,3,2,1,1,22
Nevada,2018,0,0,5,6,1,2,5,0,0,0,2,0,0,0,21
New Hampshire,2018,1,0,0,0,0,0,0,0,3,0,5,0,0,0,9
New Jersey,2018,8,10,4,7,2,7,7,6,6,1,15,3,1,1,78
New Mexico,2018,0,0,1,0,0,3,4,0,0,0,0,0,1,1,10
New York,2018,5,7,7,8,2,6,6,8,2,2,16,3,1,1,74
North Carolina,2018,1,2,1,4,0,3,5,0,4,0,10,0,0,0,30
North Dakota,2018,0,0,5,0,0,2,0,0,0,2,0,0,1,0,10
Ohio,2018,0,3,3,0,0,1,5,0,0,2,1,0,1,0,16
Oklahoma,2018,0,1,1,0,0,2,4,0,0,0,1,0,0,0,9
Oregon,2018,9,2,5,10,0,3,4,0,0,0,3,0,1,1,38
Pennsylvania,2018,10,3,5,6,0,1,5,0,1,1,5,0,0,0,37
Rhode Island,2018,8,9,3,9,2,4,3,0,4,0,10,0,1,1,54
South Carolina,2018,0,0,3,0,0,5,4,0,0,0,0,0,0,0,12
South Dakota,2018,0,0,1,0,0,0,4,0,0,0,1,0,0,0,6
Tennessee,2018,4,1,4,0,0,3,3,0,0,0,7,0,0,0,22
Texas,2018,0,1,1,0,0,3,4,0,4,0,5,0,0,0,18
Utah,2018,0,0,3,0,0,2,3,0,0,2,5,0,0,0,15
Vermont,2018,1,4,0,7,0,1,0,1,0,0,3,0,1,1,19
Virginia,2018,0,0,4,0,0,1,4,0,0,2,1,0,1,0,13
Washington,2018,7,3,4,11,1,4,5,0,0,0,7,0,1,0,43
West Virginia,2018,1,2,6,0,2,0,0,0,0,0,7,0,0,0,18
Wisconsin,2018,0,1,5,0,0,2,5,0,2,0,6,0,1,1,23
Wyoming,2018,0,0,1,0,0,3,0,0,0,0,0,0,0,1,5
Alabama,2019,1,0,3,0,0,0,4,0,0,0,2,0,0,0,10
Alaska,2019,0,1,1,0,0,1,0,0,0,0,0,0,0,0,3
Arizona,2019,0,0,4,0,0,1,0,0,0,0,3,0,0,0,8
Arkansas,2019,0,0,3,0,0,2,5,0,0,0,0,0,1,0,11
California,2019,14,14,8,11,5,8,6,8,9,6,18,2,1,1,111
Colorado,2019,2,0,1,9,0,2,5,1,0,2,7,0,1,0,30
Connecticut,2019,12,8,9,10,5,7,4,7,6,2,16,3,1,1,91
Delaware,2019,5,2,6,9,1,3,4,0,4,2,5,0,1,0,42
Florida,2019,2,6,2,1,1,9,3,0,3,2,1,0,0,0,30
Georgia,2019,0,0,1,0,0,1,4,0,0,0,0,0,0,0,6
Hawaii,2019,8,16,10,6,1,5,6,0,5,0,18,3,1,1,80
Idaho,2019,0,0,0,0,0,1,0,0,0,0,0,0,0,0,1
Illinois,2019,7,6,7,9,3,8,5,0,3,2,16,1,1,1,69
Indiana,2019,1,0,0,0,0,3,4,0,0,1,3,0,0,0,12
Iowa,2019,0,4,1,3,2,2,5,0,2,0,4,0,0,1,24
Kansas,2019,0,0,4,0,0,0,0,0,0,0,3,0,0,0,7
Kentucky,2019,0,0,1,0,0,1,4,0,0,0,0,0,0,0,6
Louisiana,2019,0,1,1,0,0,3,5,0,0,0,9,0,0,0,19
Maine,2019,2,0,4,0,0,1,0,0,0,0,3,0,1,0,11
Maryland,2019,7,9,7,6,3,5,5,5,7,2,11,0,1,1,69
Massachusetts,2019,14,10,8,7,6,11,5,4,11,5,17,3,1,1,103
Michigan,2019,6,3,1,3,0,2,5,0,1,0,0,0,0,0,21
Minnesota,2019,2,1,6,0,0,3,5,0,6,2,14,0,1,1,41
Mississippi,2019,0,0,1,0,0,1,0,0,0,0,0,0,0,0,2
Missouri,2019,0,0,2,0,0,0,0,0,0,0,0,0,0,0,2
Montana,2019,0,0,0,0,0,1,2,0,0,0,1,0,0,0,4
Nebraska,2019,0,3,1,2,0,3,5,0,0,1,3,2,1,1,22
Nevada,2019,0,0,5,6,1,2,5,0,0,0,2,0,0,0,21
New Hampshire,2019,1,0,0,0,0,0,0,0,3,0,5,0,0,0,9
New Jersey,2019,8,10,4,7,2,9,7,6,6,1,15,3,1,1,80
New Mexico,2019,0,0,1,7,0,3,4,0,0,0,5,0,1,1,22
New York,2019,5,7,7,9,2,8,6,8,2,2,16,3,1,1,77
North Carolina,2019,1,2,1,4,0,3,5,0,4,0,10,0,0,0,30
North Dakota,2019,0,0,5,0,0,2,0,0,0,2,0,0,1,0,10
Ohio,2019,0,3,3,0,0,1,5,0,0,2,1,0,0,0,15
Oklahoma,2019,0,1,1,0,0,2,3,0,0,0,1,0,0,0,8
Oregon,2019,9,2,5,10,0,3,4,0,0,0,5,0,1,1,40
Pennsylvania,2019,10,3,5,6,0,1,5,0,1,1,7,0,0,0,39
Rhode Island,2019,8,9,3,9,2,4,3,0,4,0,10,0,1,1,54
South Carolina,2019,0,0,3,0,0,5,4,0,0,0,0,0,0,0,12
South Dakota,2019,0,0,1,0,0,0,3,0,0,0,1,0,0,0,5
Tennessee,2019,4,1,4,0,0,3,3,0,0,0,7,0,0,0,22
Texas,2019,0,1,1,0,0,3,4,0,4,0,5,0,0,0,18
Utah,2019,0,0,3,0,0,2,3,0,0,2,5,0,0,0,15
Vermont,2019,1,4,0,7,0,1,0,1,0,0,3,0,1,1,19
Virginia,2019,0,0,4,0,0,1,4,0,0,2,1,0,1,0,13
Washington,2019,7,4,4,11,1,4,5,0,5,0,7,0,1,0,49
West Virginia,2019,1,2,6,0,2,0,0,0,0,0,7,0,0,0,18
Wisconsin,2019,0,1,5,0,0,2,5,0,2,0,6,0,1,1,23
Wyoming,2019,0,0,1,0,0,3,0,0,0,0,0,0,0,1,5
